Image,Path_ID,Success,Steps,Avg_Error_Px,Max_Error_Px,Recoveries_Used
000217_04,0,1,382,1.46,12.53,1
000217_04,1,1,224,2.14,12.04,5
000217_04,2,1,57,1.47,6.32,0
000217_04,3,1,315,0.99,3.61,0
000217_21,0,1,51,2.01,4.47,0
000217_23,0,1,630,1.64,12.37,11
000217_23,1,1,177,1.43,4.12,0
000217_23,2,1,10,3.64,6.32,0
000217_23,3,1,211,1.29,5.0,0
000217_23,4,1,178,1.67,8.94,6
000217_23,5,1,14,3.1,6.71,0
000217_24,0,1,285,1.22,5.0,0
000217_24,1,1,307,1.8,10.3,7
000217_24,2,1,64,1.36,5.0,0
000217_24,3,0,358,1.77,12.08,8
000217_24,4,1,374,1.68,11.31,10
000217_34,0,1,148,1.18,4.12,0
000217_34,1,0,161,1.74,14.87,3
000217_34,2,1,443,1.68,17.8,7
000217_34,3,1,72,1.04,4.24,0
000217_34,4,1,136,1.56,6.32,0
000217_34,5,0,40,6.93,18.25,3
000220_03,0,1,35,1.64,4.0,0
000220_14,0,1,277,1.14,4.0,0
000220_14,1,1,323,1.4,3.61,0
000220_14,2,1,207,1.36,5.0,0
000220_14,3,1,44,1.14,2.83,0
000220_23,0,1,306,1.54,6.32,1
000220_23,1,1,250,1.2,5.0,0
000220_24,0,1,53,1.19,4.12,0
000222_00,0,0,179,3.61,13.42,5
000222_00,1,0,115,11.89,25.18,12
000222_00,2,1,125,2.03,8.49,1
000225_20,0,1,47,5.04,18.36,4
000225_20,1,0,52,5.74,14.21,6
000225_20,2,1,548,1.46,5.83,1
000225_20,3,0,254,3.08,34.41,6
000225_20,4,1,166,1.09,5.0,0
000225_20,5,0,49,3.68,9.43,5
000225_20,6,1,195,1.55,5.83,2
000225_21,0,1,140,1.37,5.39,0
000225_21,1,0,35,4.23,13.42,3
000225_21,2,0,40,7.46,19.03,3
000225_23,0,1,7,1.76,2.83,0
000225_41,0,0,40,4.0,17.69,3
000225_41,1,0,286,4.12,14.21,14
000225_41,2,1,297,1.52,6.4,0
000225_41,3,1,347,6.23,22.47,14
000227_01,0,1,242,1.23,6.71,1
000227_01,1,1,271,1.37,6.32,1
000227_01,2,1,334,1.17,5.83,1
000227_01,3,1,252,1.31,5.39,2
000227_01,4,1,53,1.91,5.66,1
000227_04,0,1,195,1.31,5.39,0
000227_04,1,1,340,1.44,6.71,1
000227_04,2,0,45,5.87,18.11,5
000227_04,3,1,492,1.81,9.85,5
000227_04,4,1,102,1.39,9.85,1
000227_04,5,1,155,1.58,4.12,0
000227_04,6,1,6,0.74,2.0,0
000227_10,0,1,178,1.18,4.12,0
000227_10,1,1,373,1.37,8.54,3
000227_10,2,1,217,1.29,7.21,1
000227_10,3,1,50,1.47,4.12,0
000227_10,4,1,24,2.43,6.32,0
000227_11,0,1,129,1.12,4.47,0
000227_11,1,1,44,1.17,3.16,0
000227_11,2,1,140,1.3,5.83,0
000227_11,3,1,2,0.5,1.0,0
000227_11,4,1,13,1.73,4.12,0
000227_30,0,1,295,1.04,7.21,1
000227_30,1,1,367,1.14,5.0,1
000227_30,2,1,110,1.35,6.71,1
000227_30,3,1,145,1.67,4.12,1
000227_32,0,0,295,1.56,15.56,3
000227_32,1,1,338,1.58,6.71,1
000227_32,2,0,34,3.96,11.18,3
000227_32,3,1,125,1.21,4.47,0
000227_32,4,1,84,0.85,3.16,0
000227_32,5,1,47,2.01,6.71,3
000227_32,6,1,100,1.41,5.0,0
000227_32,7,1,38,1.32,4.12,0
000230_01,0,1,249,1.26,4.24,0
000230_01,1,1,459,1.36,12.53,3
000230_01,2,1,173,1.37,5.39,1
000230_01,3,0,47,4.67,17.89,3
000230_01,4,1,128,1.28,7.21,0
000230_01,5,1,90,1.35,4.0,0
000230_01,6,1,30,1.22,3.16,0
000230_02,0,1,89,1.24,3.61,0
000230_02,1,1,58,1.31,3.61,0
000230_02,2,1,312,1.81,14.87,1
000230_02,3,1,159,1.32,4.24,1
000230_02,4,1,56,1.17,4.47,0
000230_02,5,1,407,1.41,8.06,2
000230_02,6,1,66,1.44,4.12,0
000230_02,7,1,123,2.64,14.76,4
000230_02,8,1,17,1.09,2.24,0
000230_04,0,1,420,1.35,5.66,0
000230_04,1,1,250,2.22,14.04,9
000230_04,2,1,39,1.52,5.39,1
000230_04,3,1,75,1.58,4.47,0
000230_04,4,1,175,1.02,3.61,0
000230_04,5,1,155,1.45,9.85,1
000230_04,6,1,287,1.37,9.43,2
000230_14,0,1,222,1.31,5.83,0
000230_14,1,1,145,1.15,3.16,0
000230_14,2,1,268,1.46,4.24,0
000230_14,3,1,301,1.33,6.32,0
000230_21,0,1,346,1.23,7.07,1
000230_21,1,1,352,1.13,8.94,1
000230_21,2,1,119,1.37,4.47,0
000230_21,3,1,139,1.11,4.47,0
000230_21,4,1,67,1.12,3.61,0
000230_21,5,1,102,0.97,3.61,0
000230_21,6,1,37,1.03,3.16,0
000230_21,7,0,48,2.77,13.0,3
000230_21,8,1,81,1.94,9.43,1
000230_22,0,1,316,1.49,13.89,1
000230_22,1,1,398,1.46,5.83,1
000230_22,2,1,158,0.93,2.83,0
000230_22,3,1,46,1.29,3.16,0
000230_22,4,1,21,1.49,5.0,0
000230_22,5,1,51,1.01,2.83,0
000230_22,6,1,73,1.48,6.32,2
000230_22,7,1,125,1.42,5.0,0
000230_22,8,1,57,1.16,5.66,0
000230_24,0,0,142,2.75,18.38,3
000230_24,1,1,173,1.88,7.21,2
000230_24,2,1,453,1.45,8.06,2
000230_24,3,1,6,5.03,10.3,0
000230_24,4,0,63,5.62,19.72,8
000230_24,5,0,64,4.94,14.87,6
000230_24,6,1,326,1.56,11.18,1
000230_24,7,1,150,1.43,5.83,0
000230_24,8,0,37,8.45,20.0,3
000230_24,9,1,193,1.19,3.61,0
000230_24,10,0,46,4.55,13.89,5
000230_32,0,1,60,1.46,5.39,0
000230_32,1,1,311,1.64,11.66,5
000230_32,2,1,320,1.38,5.83,1
000230_32,3,1,291,1.1,5.39,0
000230_32,4,1,238,1.57,5.83,1
000230_32,5,1,21,1.47,2.83,0
000230_32,6,1,93,1.22,4.24,1
000230_34,0,0,40,7.71,24.6,3
000230_34,1,1,155,1.42,5.83,1
000230_34,2,0,123,1.93,15.23,3
000230_34,3,0,142,2.51,14.14,5
000230_34,4,1,316,1.55,7.21,1
000230_34,5,1,144,1.34,4.47,0
000230_34,6,1,109,2.42,8.49,0
000230_40,0,1,488,1.4,5.66,1
000230_40,1,1,317,1.47,5.39,0
000230_40,2,1,166,1.24,8.94,1
000230_40,3,1,127,1.06,4.12,0
000230_40,4,1,87,1.24,3.61,0
000230_41,0,1,280,1.53,12.53,2
000230_41,1,1,614,1.47,12.21,5
000230_41,2,1,100,0.99,2.83,0
000230_41,3,1,165,1.17,3.61,0
000230_41,4,1,35,1.27,3.61,0
000232_01,0,1,274,1.13,3.16,0
000232_01,1,1,231,1.17,4.24,0
000232_01,2,1,276,1.19,5.0,0
000232_01,3,1,208,1.21,7.62,1
000232_02,0,1,215,1.28,5.66,1
000232_02,1,1,366,1.3,5.39,1
000232_02,2,1,161,1.04,4.12,0
000232_02,3,1,268,1.27,5.0,0
000232_10,0,1,295,1.59,5.39,2
000232_10,1,1,112,1.66,3.61,0
000232_10,2,1,149,1.62,5.39,0
000232_10,3,1,294,1.31,5.66,1
000232_24,0,1,416,1.26,4.24,0
000232_24,1,0,97,2.05,13.0,3
000232_40,0,1,139,1.61,11.18,2
000232_40,1,0,623,2.37,7.07,20
000232_40,2,0,634,3.25,12.53,12
000232_40,3,1,101,1.05,4.47,0
000232_40,4,1,31,1.23,3.61,0
000232_44,0,1,482,1.38,5.39,1
000232_44,1,1,179,1.35,5.39,0
000232_44,2,1,217,1.19,5.0,0
000232_44,3,1,50,1.88,4.12,0
000235_01,0,1,333,2.85,22.09,5
000235_01,1,1,185,1.22,4.47,0
000235_01,2,1,153,1.66,4.47,0
000235_01,3,1,305,1.24,14.42,1
000235_01,4,1,39,1.34,5.0,0
000235_20,0,1,256,1.46,6.32,1
000235_20,1,1,226,1.16,5.0,0
000235_20,2,1,275,1.34,3.61,0
000235_20,3,1,197,1.55,5.0,0
000235_21,0,1,233,1.05,3.61,0
000235_21,1,0,386,1.6,9.43,3
000235_21,2,1,202,1.67,5.0,0
000235_21,3,0,225,2.21,14.76,7
000235_21,4,0,150,2.33,7.21,7
000235_21,5,1,158,2.12,11.66,6
000235_21,6,1,119,1.22,5.0,0
000235_21,7,0,197,1.8,10.0,4
000235_23,0,1,265,1.56,4.47,0
000235_23,1,1,503,1.41,7.62,2
000235_23,2,0,334,1.89,16.55,5
000235_23,3,1,132,1.27,4.12,0
000235_23,4,0,79,3.76,17.69,4
000235_23,5,1,73,1.44,4.47,0
000235_23,6,1,55,0.98,2.83,0
000235_23,7,0,688,9.61,10.77,87
000235_31,0,1,119,1.33,6.71,1
000235_31,1,1,40,1.17,2.83,0
000235_31,2,0,40,8.14,25.94,3
000235_31,3,0,55,3.23,13.89,4
000235_31,4,1,358,1.36,4.47,0
000235_31,5,1,92,1.15,4.47,0
000235_31,6,1,109,1.38,5.0,0
000235_31,7,1,95,1.09,3.16,0
000237_01,0,1,309,1.23,5.39,0
000237_01,1,1,341,1.19,6.32,0
000237_01,2,1,255,1.6,10.3,4
000237_01,3,1,47,1.38,5.0,0
000237_01,4,1,255,1.18,6.71,1
000237_01,5,1,77,1.14,5.0,0
000237_01,6,1,5,0.48,1.41,0
000237_01,7,1,5,1.21,2.24,0
000237_04,0,1,265,6.92,16.0,1
000237_04,1,1,250,1.37,5.0,0
000237_04,2,1,248,1.46,5.0,0
000237_11,0,1,104,0.99,3.61,0
000237_11,1,1,298,1.38,5.0,0
000237_11,2,1,187,1.27,4.12,0
000237_11,3,1,32,1.04,3.16,0
000237_11,4,1,283,1.72,5.39,1
000237_11,5,1,222,1.78,5.39,0
000237_21,0,1,138,1.25,5.0,0
000237_21,1,1,14,1.46,4.12,0
000237_21,2,1,175,1.36,5.0,0
000237_21,3,1,289,1.22,4.12,0
000237_21,4,1,291,1.46,6.4,1
000237_22,0,1,379,1.24,4.47,0
000237_22,1,1,194,1.19,7.62,1
000237_22,2,1,86,1.29,4.0,0
000237_22,3,1,256,2.11,13.45,8
000237_22,4,1,283,1.42,5.83,0
000237_22,5,1,156,1.69,11.66,3
000237_22,6,1,130,1.65,8.06,1
000237_22,7,0,40,9.91,24.6,3
000237_22,8,0,60,3.49,10.0,4
000237_31,0,1,74,1.77,5.66,0
000237_31,1,1,414,1.38,6.32,1
000237_31,2,1,74,0.89,2.24,0
000237_31,3,1,274,1.44,5.66,1
000237_31,4,1,91,2.53,9.43,6
000237_31,5,1,160,1.23,5.0,1
000237_31,6,1,129,1.19,4.24,0
000237_31,7,0,166,5.07,26.02,6
000237_31,8,1,35,1.19,3.61,0
000237_31,9,1,9,1.63,2.83,0
000237_31,10,1,131,1.36,6.4,0
000237_32,0,1,356,1.38,8.94,2
000237_32,1,1,46,1.19,3.61,0
000237_32,2,1,56,1.9,4.12,0
000237_32,3,1,294,1.74,8.49,0
000237_32,4,1,127,1.14,5.0,0
000237_32,5,1,94,1.42,6.32,0
000237_32,6,1,54,1.36,5.0,0
000237_33,0,1,81,1.2,5.0,0
000237_33,1,0,621,1.59,6.71,8
000237_33,2,1,129,1.3,4.47,0
000237_33,3,1,420,1.33,6.4,4
000237_33,4,1,310,1.53,11.18,1
000237_33,5,1,115,1.28,3.16,0
000237_33,6,1,78,1.57,5.39,0
000237_33,7,1,33,1.9,6.71,2
000237_41,0,0,96,3.24,10.0,7
000237_41,1,1,171,1.16,3.16,0
000237_41,2,0,86,2.57,13.6,6
000237_41,3,1,456,1.34,5.83,0
000237_41,4,1,213,1.33,6.4,0
000237_41,5,0,53,3.45,14.87,3
000237_41,6,1,284,1.86,7.62,4
000237_41,7,1,83,1.3,4.0,0
000237_41,8,1,74,1.61,5.0,0
000237_41,9,1,60,1.58,5.83,1
000240_13,0,1,251,1.35,10.77,2
000240_13,1,0,38,6.54,20.25,3
000240_13,2,1,298,1.22,6.71,3
000240_13,3,1,37,0.92,2.83,0
000240_13,4,0,57,4.81,17.89,4
000240_13,5,0,45,5.6,19.0,3
000240_20,0,1,376,1.54,5.0,0
000240_20,1,0,100,2.94,15.81,5
000240_20,2,1,101,1.39,4.47,0
000240_20,3,1,220,1.36,7.62,1
000240_20,4,1,277,1.45,5.0,0
000240_20,5,1,101,1.14,5.0,0
000240_20,6,1,235,1.51,12.65,1
000240_20,7,1,33,1.54,5.0,0
000240_22,0,1,97,1.37,5.0,1
000240_22,1,1,419,1.67,12.21,2
000240_22,2,1,317,1.36,7.62,1
000240_22,3,1,44,1.31,3.61,0
000240_22,4,1,260,1.15,4.12,0
000240_22,5,1,61,1.37,5.0,0
000240_30,0,0,160,2.22,10.44,4
000240_30,1,1,129,1.49,12.53,2
000240_30,2,0,197,1.57,13.89,3
000240_30,3,1,205,1.17,4.47,0
000240_30,4,1,403,1.13,5.66,0
000240_30,5,1,122,1.5,4.0,0
000240_30,6,1,207,1.58,9.85,2
000240_30,7,1,62,1.4,3.61,0
000240_30,8,1,3,2.0,4.0,0
000240_32,0,1,133,1.4,6.32,2
000240_32,1,1,218,1.47,6.71,1
000240_32,2,1,209,1.24,4.12,0
000240_32,3,1,336,1.48,7.21,1
000240_32,4,1,335,1.16,4.12,0
000240_32,5,1,123,1.81,7.62,2
000240_32,6,1,14,0.53,1.41,0
000240_32,7,1,62,0.83,2.24,0
000240_32,8,1,10,1.61,3.61,0
000240_40,0,1,290,1.25,4.24,0
000240_40,1,0,82,2.82,16.12,3
000240_40,2,1,290,1.25,5.0,0
000240_40,3,1,126,1.15,4.47,0
000240_40,4,1,34,1.08,2.24,0
000240_41,0,1,524,1.67,12.08,5
000240_41,1,1,268,1.39,12.53,1
000240_41,2,1,26,3.33,14.42,1
000240_41,3,1,89,1.45,5.0,0
000240_41,4,1,254,1.11,4.12,0
000240_41,5,1,197,1.49,10.77,1
000240_41,6,1,60,2.33,11.4,0
000242_00,0,1,439,1.38,5.39,0
000242_00,1,0,151,2.18,16.03,6
000242_00,2,1,226,1.18,4.24,0
000242_00,3,1,329,1.38,4.24,0
000242_00,4,1,101,1.21,3.16,0
000242_00,5,1,131,1.07,3.61,0
000242_00,6,1,161,1.16,5.83,0
000242_03,0,1,201,1.74,5.0,0
000242_03,1,1,469,1.55,10.77,4
000242_03,2,0,94,3.28,18.6,3
000242_03,3,1,134,1.15,4.0,0
000242_03,4,1,317,2.36,12.73,10
000242_03,5,1,92,1.26,5.0,0
000242_04,0,1,140,1.12,3.16,0
000242_04,1,1,184,1.31,4.24,0
000242_04,2,1,6,1.38,3.61,0
000242_21,0,1,404,1.32,5.0,0
000242_21,1,0,164,3.71,15.26,12
000242_21,2,1,130,1.28,5.0,0
000242_21,3,1,147,1.59,5.0,0
000242_21,4,1,133,1.81,11.31,2
000242_21,5,1,261,1.85,8.06,7
000242_21,6,1,103,2.03,7.28,2
000242_21,7,1,228,1.42,4.24,0
000242_21,8,0,91,2.67,13.45,5
000242_21,9,0,127,1.87,11.4,3
000242_21,10,1,8,1.08,2.24,0
000242_32,0,1,202,1.59,15.62,1
000242_32,1,1,580,1.78,13.34,10
000242_32,2,1,185,1.11,3.16,0
000242_32,3,1,279,1.04,4.0,0
000242_32,4,1,20,1.5,5.0,0
000242_32,5,1,44,0.97,2.83,0
000242_33,0,0,61,20.5,48.51,6
000242_33,1,1,343,1.16,8.49,1
000242_33,2,1,318,1.49,7.07,1
000242_33,3,1,19,1.74,4.12,0
000242_41,0,1,312,1.44,13.0,2
000242_41,1,1,133,1.77,14.76,1
000242_41,2,1,264,1.51,5.66,5
000242_41,3,1,71,1.86,5.39,1
000242_41,4,1,178,1.47,11.4,2
000242_41,5,1,406,1.86,15.81,7
000242_41,6,1,63,1.07,3.16,0
000242_41,7,1,106,1.71,5.66,2
000242_43,0,0,40,8.17,21.21,3
000245_00,0,1,258,1.28,5.1,1
000245_00,1,1,266,1.35,6.0,1
000245_00,2,1,100,1.53,4.47,1
000245_00,3,1,291,1.4,9.22,2
000245_00,4,1,142,1.51,10.63,2
000245_01,0,1,217,1.38,6.32,1
000245_01,1,1,110,1.07,3.61,0
000245_01,2,1,70,1.41,3.61,0
000245_01,3,1,86,1.4,4.24,0
000245_01,4,1,157,1.21,4.47,0
000245_01,5,1,296,1.72,11.4,3
000245_01,6,1,300,1.53,5.0,1
000245_02,0,0,279,2.34,16.55,9
000245_02,1,1,196,1.1,3.16,0
000245_02,2,1,301,1.52,5.39,0
000245_02,3,1,85,1.29,4.47,0
000245_02,4,1,200,1.42,5.39,0
000245_02,5,1,233,1.4,7.62,1
000245_02,6,0,61,8.71,24.19,5
000245_03,0,1,112,1.22,5.0,0
000245_03,1,1,351,1.28,7.21,2
000245_03,2,1,256,1.29,5.39,0
000245_03,3,1,289,1.46,5.39,1
000245_03,4,1,197,1.16,4.47,0
000245_03,5,1,44,1.33,3.16,0
000245_04,0,1,319,1.4,5.0,0
000245_04,1,1,396,1.26,5.0,0
000245_04,2,1,181,1.21,4.47,0
000245_04,3,1,239,1.39,4.47,0
000245_04,4,1,122,1.28,3.61,0
000245_04,5,0,34,5.14,15.26,3
000245_20,0,1,187,0.99,3.16,0
000245_20,1,0,246,2.52,16.97,6
000245_20,2,1,222,1.85,9.9,4
000245_20,3,1,326,1.25,4.12,0
000245_20,4,1,52,1.83,5.0,0
000245_20,5,1,196,1.42,5.39,1
000245_20,6,1,95,1.23,4.12,0
000245_22,0,0,325,2.53,17.0,15
000245_22,1,1,183,1.47,8.06,2
000245_22,2,1,367,1.19,5.0,0
000245_22,3,1,98,1.4,6.32,0
000245_22,4,1,146,1.14,4.12,0
000245_22,5,1,183,1.4,7.21,3
000245_22,6,1,110,1.77,5.0,0
000245_22,7,1,146,1.76,5.0,0
000245_22,8,1,70,1.56,6.0,1
000245_23,0,1,219,1.31,6.32,0
000245_23,1,1,407,1.21,11.66,2
000245_23,2,0,103,1.76,11.18,3
000245_23,3,1,174,1.02,3.16,0
000245_23,4,1,167,1.12,4.47,0
000245_23,5,1,155,1.36,4.47,0
000245_34,0,1,106,1.26,5.66,0
000245_34,1,1,46,1.12,4.12,0
000245_34,2,0,57,4.31,13.89,6
000245_34,3,1,63,1.39,4.12,0
000245_41,0,1,246,1.82,13.0,7
000245_41,1,1,363,1.31,13.89,2
000245_41,2,1,252,1.13,4.47,0
000245_41,3,0,291,2.0,14.0,8
000245_41,4,1,181,1.57,9.49,1
000245_41,5,1,301,1.9,12.08,3
000245_41,6,1,106,1.09,3.61,0
000245_41,7,1,56,1.09,3.61,0
000247_00,0,1,220,1.48,7.81,3
000247_00,1,1,252,1.03,4.47,0
000247_00,2,1,321,1.08,10.77,1
000247_00,3,1,291,1.26,9.85,1
000247_00,4,1,283,0.95,3.61,0
000247_00,5,1,246,1.16,4.24,0
000247_00,6,0,40,4.25,10.63,4
000247_00,7,1,90,1.42,4.24,2
000247_31,0,0,264,2.25,14.87,9
000247_31,1,1,295,1.67,8.0,2
000247_31,2,0,68,3.5,13.04,5
000247_31,3,0,261,2.11,16.28,3
000247_31,4,1,53,3.42,10.77,2
000247_31,5,1,76,1.19,3.16,0
000247_41,0,1,221,1.26,6.71,0
000247_41,1,0,55,3.35,14.42,5
000247_41,2,1,91,1.8,4.47,1
000247_41,3,1,176,1.25,3.61,0
000247_41,4,1,7,1.75,3.61,0
000247_41,5,1,52,1.28,3.0,0
000247_43,0,1,46,1.44,4.24,0
000247_43,1,1,532,1.28,10.82,1
000247_43,2,1,316,1.55,13.0,5
000247_43,3,1,169,1.22,3.61,0
000247_43,4,1,108,1.35,4.24,1
000247_43,5,1,216,1.53,10.3,3
000247_43,6,0,69,4.23,18.87,10
000247_43,7,1,18,2.39,4.24,0
000247_44,0,1,160,1.57,10.77,6
000247_44,1,0,170,1.47,6.71,5
000247_44,2,1,555,1.44,10.77,4
000247_44,3,1,317,1.65,13.34,4
000247_44,4,1,44,1.28,3.61,0
000247_44,5,1,39,1.2,4.24,0
000247_44,6,1,41,0.99,2.24,0
000250_03,0,1,285,1.16,5.0,0
000250_03,1,1,32,1.84,4.47,0
000250_03,2,1,66,0.91,2.83,0
000250_03,3,1,173,1.16,4.24,0
000250_03,4,1,316,1.23,8.49,1
000250_13,0,1,280,1.14,5.83,0
000250_13,1,1,150,0.99,3.16,0
000250_13,2,1,109,1.14,3.16,0
000250_13,3,1,286,1.43,5.0,0
000250_13,4,1,173,1.66,6.71,1
000250_24,0,1,129,1.26,4.0,0
000250_24,1,1,289,1.11,5.0,1
000250_24,2,0,312,1.42,14.32,4
000250_24,3,1,94,1.66,12.08,1
000250_24,4,1,60,1.1,5.0,0
000250_31,0,1,281,1.2,7.28,1
000250_31,1,1,251,1.42,4.47,0
000250_31,2,1,280,1.24,4.12,0
000250_31,3,1,294,1.14,4.47,0
000250_32,0,1,229,1.53,5.0,2
000250_32,1,1,431,1.94,8.54,7
000250_32,2,1,92,1.26,3.61,0
000250_32,3,1,514,1.79,8.49,5
000250_32,4,1,41,1.65,5.0,0
000250_32,5,1,25,2.18,7.07,0
000250_41,0,1,269,1.16,5.0,0
000250_41,1,1,176,1.72,12.65,2
000250_41,2,1,275,1.29,6.71,0
000250_41,3,0,108,3.39,14.32,7
000250_41,4,1,128,1.17,4.12,0
000250_41,5,1,118,1.06,3.61,0
000250_41,6,1,72,1.07,4.12,0
000250_42,0,1,223,1.76,5.1,2
000250_42,1,1,176,1.3,5.0,0
000250_42,2,1,349,1.63,5.39,1
000250_42,3,1,219,1.66,6.32,1
000250_42,4,1,109,1.09,3.61,0
000250_42,5,0,151,1.36,13.0,3
000252_14,0,1,48,1.11,3.16,0
000252_24,0,1,290,1.11,4.24,0
000252_24,1,1,89,1.37,5.0,0
000252_24,2,1,287,1.23,5.83,1
002222_00,0,0,133,2.48,17.69,3
002222_00,1,1,206,1.28,5.83,0
002222_00,2,1,32,1.45,5.0,0
002222_00,3,1,25,1.29,3.61,0
002222_01,0,1,26,1.24,2.83,0
002222_01,1,0,184,2.03,13.34,7
002222_01,2,1,143,2.4,13.34,9
002222_01,3,1,268,1.57,7.07,1
002222_01,4,0,131,3.44,21.4,6
002222_01,5,1,17,1.09,2.24,0
002222_14,0,1,305,1.78,9.85,9
002222_14,1,1,306,1.9,13.34,4
002222_22,0,1,24,0.6,2.0,0
002225_01,0,1,163,1.38,8.94,1
002225_02,0,0,40,19.89,34.13,3
002225_02,1,1,119,1.93,10.0,4
002225_02,2,1,33,2.32,4.0,0
002225_02,3,1,11,1.44,4.0,0
002225_04,0,1,275,0.98,5.66,0
002225_04,1,1,304,1.59,5.0,0
002225_04,2,1,182,1.35,10.63,1
002225_04,3,1,128,1.25,6.4,1
002225_04,4,1,306,0.84,3.16,0
002225_12,0,1,147,1.61,6.32,3
002225_12,1,1,48,1.21,4.12,0
002225_12,2,1,39,1.58,3.61,0
002225_24,0,1,197,1.39,5.39,1
002225_24,1,1,127,1.88,13.0,1
002225_24,2,1,259,1.65,8.0,3
002225_24,3,1,44,1.44,4.12,0
002225_33,0,1,248,2.3,11.0,2
002225_33,1,0,218,2.26,15.0,3
002225_33,2,0,70,32.19,51.62,8
002225_33,3,0,98,7.29,21.93,10
002225_33,4,1,171,2.58,15.65,4
002225_33,5,1,56,3.67,12.21,3
002225_33,6,1,16,1.36,3.16,0
002225_40,0,1,193,1.58,6.4,0
002227_10,0,1,124,1.38,5.0,0
002227_10,1,1,418,1.29,4.24,0
002227_10,2,1,111,1.18,3.61,0
002227_10,3,1,140,1.42,4.47,0
002227_10,4,1,316,1.54,4.47,0
002227_10,5,1,58,1.53,5.0,1
002227_10,6,1,55,1.38,3.61,0
002227_23,0,1,64,1.6,4.12,0
002227_34,0,0,54,5.18,15.56,5
002227_34,1,0,74,42.64,103.47,6
002230_00,0,1,407,1.63,10.3,6
002230_00,1,1,67,1.31,4.12,0
002230_00,2,1,496,1.59,12.53,3
002230_00,3,1,88,1.14,5.83,1
002230_00,4,1,134,1.8,5.39,0
002230_00,5,0,57,6.84,17.69,7
002230_00,6,1,103,1.32,4.24,0
002230_00,7,0,92,2.11,13.04,3
002230_14,0,1,153,2.22,13.89,5
002230_14,1,0,97,2.22,8.94,4
002230_31,0,1,327,1.52,6.71,2
002230_31,1,1,219,1.05,3.61,0
002230_31,2,1,114,2.22,11.4,5
002230_31,3,1,42,1.17,3.16,0
002230_31,4,0,53,4.71,13.0,4
002230_31,5,0,126,19.54,29.97,4
002230_31,6,1,51,5.67,18.79,3
002230_31,7,0,145,4.39,13.34,8
002230_40,0,1,345,1.43,7.07,3
002230_40,1,0,69,7.8,24.04,4
002230_40,2,1,290,1.3,4.24,0
002230_40,3,1,212,1.41,5.0,1
002230_40,4,1,183,1.22,4.24,0
002230_40,5,0,40,7.62,22.2,3
002230_40,6,0,63,4.64,17.89,5
002230_41,0,1,68,1.29,3.16,0
002230_41,1,1,9,0.67,1.0,0
002232_01,0,1,195,2.04,5.0,2
002232_01,1,0,335,3.6,31.11,15
002232_01,2,1,217,1.5,5.0,0
002232_01,3,1,281,4.03,21.63,3
002232_01,4,1,46,1.34,3.61,0
002232_01,5,1,174,3.29,19.1,6
002232_01,6,1,2,1.5,3.0,0
002232_01,7,0,241,22.22,36.77,4
002232_01,8,1,121,1.16,4.12,0
002232_11,0,1,81,1.14,2.83,0
002232_11,1,1,51,1.17,3.61,0
002232_13,0,1,311,1.1,3.61,0
002232_13,1,0,204,1.93,13.89,3
002232_13,2,0,56,5.59,20.52,4
002232_13,3,1,167,1.19,4.12,0
002232_13,4,1,32,1.65,4.24,0
002232_13,5,1,32,2.04,5.0,0
002232_32,0,1,127,1.31,4.12,0
002232_32,1,1,273,1.19,4.12,0
002232_32,2,1,41,1.3,4.47,0
002232_33,0,1,163,1.57,4.24,0
002232_33,1,1,214,1.28,5.0,0
002232_33,2,1,210,1.01,5.0,0
002232_33,3,1,314,1.23,4.12,0
002232_33,4,1,11,1.5,3.0,0
002232_43,0,1,348,1.45,13.04,2
002235_00,0,1,253,1.12,4.0,0
002235_03,0,1,207,1.24,4.0,0
002235_03,1,0,286,2.19,16.03,4
002235_03,2,1,260,1.4,9.43,2
002235_03,3,1,266,1.27,4.47,0
002235_03,4,1,127,1.35,4.0,0
002235_14,0,1,37,2.11,6.32,0
002235_14,1,1,232,1.1,4.24,0
002235_14,2,1,417,1.64,11.18,5
002235_14,3,1,202,1.42,9.22,4
002235_14,4,0,419,2.15,13.6,12
002235_14,5,1,14,3.21,8.0,0
002235_23,0,1,214,1.54,10.2,3
002235_23,1,1,151,1.57,4.0,0
002235_23,2,1,286,1.27,5.0,2
002235_23,3,1,223,1.2,4.47,0
002235_23,4,1,90,8.67,22.56,3
002235_30,0,1,247,1.08,4.0,0
002235_30,1,1,250,9.15,19.72,0
002235_30,2,1,248,1.23,5.0,0
002235_33,0,1,157,1.24,5.83,1
002235_33,1,1,38,1.36,4.12,0
002235_33,2,1,217,1.13,4.12,0
002235_33,3,1,164,1.3,5.66,1
002235_33,4,1,400,1.56,13.04,5
002235_33,5,1,364,1.45,12.08,3
002235_42,0,1,86,1.18,3.61,0
002235_42,1,1,286,1.41,4.24,0
002235_42,2,0,78,3.46,10.77,8
002235_42,3,1,94,1.98,10.3,4
002235_42,4,1,170,1.61,6.32,1
002235_42,5,1,30,1.11,3.61,0
002235_42,6,1,189,1.5,5.0,0
002235_42,7,1,9,1.03,2.0,0
002235_42,8,0,37,4.19,12.04,3
002235_42,9,1,48,0.95,2.24,0
002237_02,0,1,373,1.75,13.0,2
002237_02,1,1,90,1.32,3.61,0
002237_03,0,1,112,1.18,3.61,0
002237_03,1,0,298,1.72,13.89,8
002237_03,2,1,275,1.08,3.16,0
002237_03,3,1,70,0.91,2.24,0
002237_03,4,1,25,1.9,5.0,0
002237_04,0,1,269,1.06,3.16,0
002237_04,1,0,277,2.9,15.65,13
002237_04,2,1,203,1.13,5.1,1
002237_04,3,1,134,1.12,3.61,0
002237_12,0,1,126,1.2,3.61,0
002237_12,1,1,31,1.36,3.16,0
002237_22,0,1,268,1.39,4.0,0
002237_22,1,1,268,1.47,3.61,0
002237_22,2,1,11,1.84,4.12,0
002237_32,0,1,440,1.57,11.7,3
002237_32,1,0,623,3.55,11.18,12
002237_32,2,1,274,1.53,4.0,0
002237_32,3,1,57,9.96,25.32,6
002237_32,4,1,65,1.37,3.61,0
002237_32,5,1,27,1.39,3.61,0
002237_32,6,1,2,0.5,1.0,0
002237_32,7,1,77,1.22,4.0,0
002237_42,0,1,156,1.59,5.0,0
002237_42,1,0,58,6.82,13.0,3
002237_42,2,1,3,4.06,8.06,0
002237_42,3,1,395,1.83,11.4,13
002237_42,4,1,308,1.32,5.1,0
002237_42,5,1,112,4.09,15.23,2
002237_42,6,0,113,2.31,17.69,3
002237_42,7,1,221,1.11,4.0,0
002237_42,8,0,90,3.43,9.49,5
002237_42,9,1,38,10.55,27.73,3
002240_00,0,1,219,1.24,3.61,0
002240_00,1,1,2,0.5,1.0,0
002240_00,2,1,267,1.17,4.0,0
002240_13,0,1,313,0.79,4.24,0
002240_13,1,0,119,3.23,18.0,7
002240_13,2,0,188,1.85,10.77,5
002240_13,3,1,321,1.6,13.15,5
002240_13,4,1,135,1.02,4.12,0
002240_14,0,1,180,1.47,5.0,0
002240_23,0,1,289,2.31,10.63,11
002240_23,1,0,218,1.93,7.07,6
002240_23,2,1,49,0.94,3.61,0
002240_23,3,1,369,1.65,7.07,5
002240_23,4,0,46,4.34,15.26,5
002240_23,5,1,29,1.68,4.24,0
002240_34,0,1,286,1.25,6.71,0
002240_34,1,1,8,1.89,3.61,0
002240_34,2,1,90,1.2,4.12,0
002240_34,3,1,111,1.79,6.0,0
002240_34,4,1,102,0.89,5.0,1
002240_34,5,1,17,0.67,2.0,0
002240_34,6,1,112,1.15,3.16,0
002240_34,7,1,39,1.08,4.0,0
002240_40,0,0,53,3.22,7.0,3
002240_40,1,1,257,1.38,7.0,1
002240_40,2,1,155,1.32,6.4,1
002240_40,3,0,201,6.12,33.84,6
002240_42,0,1,43,1.47,3.61,0
002240_42,1,0,626,1.92,21.93,10
002240_43,0,1,120,1.38,7.81,1
002240_43,1,1,203,0.96,3.16,0
002240_43,2,0,59,73.29,121.63,5
002240_44,0,1,478,1.53,5.39,1
002240_44,1,1,180,1.16,4.12,0
002240_44,2,1,92,1.0,4.12,0
002240_44,3,0,253,2.28,14.76,7
002240_44,4,1,72,0.9,3.0,0
002240_44,5,1,254,1.17,4.47,0
002240_44,6,1,71,1.43,4.0,0
002242_00,0,1,377,3.36,19.7,22
002242_00,1,1,269,1.38,3.61,0
002242_00,2,1,278,12.47,16.55,1
002242_00,3,1,269,1.11,5.0,0
002242_02,0,0,105,4.9,28.46,3
002242_02,1,1,279,1.64,6.71,3
002242_02,2,0,82,3.1,17.26,4
002242_02,3,1,283,1.35,4.12,0
002242_02,4,1,265,1.33,5.0,1
002242_02,5,1,284,1.2,4.0,0
002242_02,6,1,278,1.31,5.83,0
002242_02,7,0,88,2.28,13.89,4
002242_02,8,1,68,1.74,5.0,0
002242_10,0,0,636,13.92,18.79,35
002242_10,1,1,113,3.12,13.04,0
002242_10,2,0,169,3.18,15.0,10
002242_10,3,1,128,2.11,12.17,3
002242_21,0,1,294,2.13,9.85,7
002242_21,1,1,252,1.46,4.12,0
002242_21,2,1,258,1.72,5.1,1
002242_21,3,1,253,1.4,4.0,0
002242_21,4,1,260,1.9,10.77,1
002242_21,5,0,339,19.73,35.44,14
002242_21,6,1,263,1.57,11.4,2
002242_21,7,1,258,1.49,5.0,0
002242_22,0,1,476,1.65,11.4,6
002242_22,1,1,139,1.09,3.16,0
002242_22,2,1,165,0.83,2.83,0
002242_22,3,1,159,0.94,4.12,0
002242_22,4,1,134,1.08,3.16,0
002242_23,0,0,292,1.32,14.32,4
002242_23,1,1,210,0.96,4.0,0
002242_23,2,1,238,1.19,4.0,0
002242_23,3,1,38,0.97,3.61,0
002242_23,4,1,286,1.58,10.3,2
002242_23,5,1,79,1.64,5.83,1
002242_24,0,1,306,1.34,7.21,1
002242_24,1,1,409,1.55,10.0,4
002242_24,2,1,145,0.89,2.83,0
002242_24,3,1,172,1.26,4.47,0
002242_24,4,1,98,1.56,6.32,1
002242_24,5,1,34,1.43,3.61,0
002242_24,6,1,4,0.75,2.0,0
002242_24,7,1,17,1.2,3.61,0
002242_31,0,1,276,1.73,12.65,3
002242_31,1,0,672,20.2,34.71,53
002242_31,2,1,269,2.27,10.0,2
002242_31,3,1,157,0.79,2.83,0
002242_31,4,0,208,1.91,14.14,4
002242_31,5,1,248,1.46,5.0,0
002242_31,6,1,255,1.2,4.0,0
002242_31,7,1,283,1.96,7.0,7
002242_31,8,1,119,0.95,3.61,0
002242_44,0,1,259,1.37,5.39,0
002242_44,1,1,227,1.49,12.08,3
002242_44,2,1,122,1.35,5.0,0
002242_44,3,1,93,1.12,6.0,0
002242_44,4,1,177,1.44,4.47,0
002245_11,0,1,272,1.61,4.47,1
002245_11,1,0,312,7.25,16.28,9
002245_11,2,1,131,1.66,10.44,1
002245_11,3,1,214,1.72,4.12,1
002245_11,4,1,202,4.74,20.25,6
002245_11,5,0,208,1.78,8.0,4
002245_12,0,1,50,1.48,4.0,0
002245_12,1,1,112,6.99,16.76,3
002245_12,2,1,55,1.04,5.0,0
002245_12,3,1,135,1.62,4.0,0
002245_22,0,1,270,1.4,4.47,0
002245_22,1,1,281,1.61,5.0,0
002245_22,2,1,59,1.63,5.0,0
002245_40,0,0,640,2.19,15.0,13
002245_40,1,1,231,1.17,4.47,0
002245_40,2,1,266,1.39,3.61,0
002245_40,3,0,163,10.06,63.57,3
002245_40,4,1,140,1.67,12.08,1
002245_40,5,1,126,1.5,4.47,0
002245_43,0,1,266,1.52,5.1,0
002245_43,1,1,259,1.61,5.0,0
002245_43,2,1,264,1.4,4.12,0
002245_43,3,1,97,1.89,4.47,0
002247_00,0,1,341,1.15,5.0,0
002247_00,1,1,67,1.29,3.61,0
002247_00,2,1,42,1.5,5.0,0
002247_00,3,1,278,1.38,12.04,2
002247_00,4,1,241,1.24,5.1,0
002247_00,5,1,319,1.43,5.39,1
002247_00,6,1,41,1.71,4.47,0
002247_00,7,1,12,1.22,3.61,0
002247_02,0,1,281,1.2,5.0,0
002247_02,1,1,98,1.31,6.32,0
002247_02,2,1,153,1.72,5.39,1
002247_02,3,1,393,1.27,5.0,0
002247_02,4,1,216,1.18,4.12,0
002247_02,5,1,173,1.61,6.71,1
002247_04,0,1,250,7.76,13.89,0
002247_04,1,1,271,1.06,7.21,1
002247_04,2,1,215,1.18,4.47,0
002247_11,0,1,216,1.15,5.0,0
002247_11,1,1,433,1.25,6.71,1
002247_11,2,1,175,1.57,11.18,2
002247_11,3,1,265,1.6,5.0,2
002247_11,4,1,158,1.01,4.24,0
002247_11,5,1,79,1.56,7.62,1
002247_11,6,1,47,2.04,12.08,2
002247_12,0,1,216,1.27,4.12,0
002247_12,1,1,220,1.51,4.47,0
002247_12,2,1,116,1.52,11.18,1
002247_12,3,1,69,1.1,2.24,0
002247_24,0,1,77,9.79,28.23,1
002247_24,1,1,91,1.27,4.0,0
002247_24,2,1,30,1.1,3.0,0
002247_33,0,1,291,1.32,5.39,3
002247_33,1,1,282,1.44,5.0,0
002247_33,2,0,385,2.07,6.71,12
002250_00,0,1,223,1.22,5.1,0
002250_00,1,0,202,3.77,21.47,6
002250_00,2,1,89,1.8,5.83,1
002250_01,0,1,182,1.77,6.71,1
002250_01,1,1,325,1.96,21.93,3
002250_01,2,1,273,1.4,4.24,0
002250_01,3,0,75,4.48,20.02,4
002250_01,4,0,182,2.79,12.53,12
002250_01,5,1,2,2.06,4.12,0
002250_01,6,1,202,1.81,6.32,2
002250_01,7,1,3,1.82,4.47,0
002250_02,0,0,443,1.88,13.93,8
002250_02,1,1,294,1.95,8.54,6
002250_02,2,1,311,2.14,10.77,8
002250_02,3,1,44,1.23,3.61,0
002250_04,0,1,269,1.76,7.62,0
002250_04,1,1,204,2.04,12.73,4
002250_33,0,1,286,1.38,4.12,0
002250_33,1,1,246,1.34,7.21,2
002250_33,2,1,304,1.14,4.47,0
002250_33,3,1,54,1.3,3.61,0
002250_33,4,1,8,1.28,2.83,0
002250_34,0,1,305,1.41,14.87,1
002250_44,0,1,140,1.08,3.61,0
002250_44,1,1,66,1.24,3.61,0
002252_03,0,1,47,0.98,2.83,0
002252_03,1,0,233,1.69,12.04,4
002252_03,2,1,140,2.77,14.32,9
002252_03,3,1,146,1.69,4.24,0
002252_03,4,0,224,2.4,19.42,8
002252_03,5,1,77,1.12,3.61,0
002252_03,6,1,204,1.35,4.12,0
002252_12,0,0,655,9.12,21.02,9
002252_12,1,1,86,1.28,3.61,0
002252_12,2,1,277,1.03,5.0,0
002252_13,0,1,305,1.61,13.42,1
002252_13,1,1,102,1.73,5.0,0
002252_13,2,1,57,1.88,4.12,0
002252_13,3,1,122,1.41,3.61,0
002252_13,4,1,359,2.04,5.83,11
002252_13,5,1,88,1.31,5.66,1
002252_13,6,1,43,1.1,2.83,0
002252_22,0,1,264,1.66,9.22,3
002252_22,1,1,363,1.59,7.0,1
002252_22,2,1,254,1.09,4.12,0
002252_22,3,1,110,1.92,4.12,0
002252_22,4,1,29,1.33,3.61,0
002252_23,0,1,307,2.02,10.3,5
002252_23,1,0,347,2.65,13.0,21
002252_23,2,0,79,6.69,18.87,10
002252_23,3,0,43,4.75,13.15,3
002252_23,4,1,86,2.28,11.18,1
002252_23,5,1,121,1.62,7.62,1
002252_23,6,1,6,2.19,4.47,0
002252_23,7,1,7,1.14,3.0,0
002252_43,0,1,116,1.28,3.61,0
002252_43,1,0,299,2.2,10.3,7
002252_43,2,1,188,2.17,9.85,9
002252_43,3,1,171,1.25,4.12,0
002252_43,4,1,31,2.32,5.83,0
002252_43,5,0,35,5.56,14.76,3
002255_12,0,1,277,1.1,3.61,0
002255_12,1,1,277,1.44,6.71,0
002255_12,2,1,288,1.22,5.39,0
002255_12,3,1,278,1.08,4.12,0
002255_22,0,1,286,1.31,6.4,1
002255_22,1,1,229,1.08,4.24,0
002255_43,0,1,310,1.68,11.66,1
002255_43,1,1,4,0.5,1.0,0
002255_43,2,0,60,4.43,12.81,7
002255_43,3,1,168,1.02,4.12,0
002255_43,4,1,22,1.31,3.61,0
002255_44,0,0,40,4.91,12.04,5
002255_44,1,1,121,1.35,4.47,0
002255_44,2,0,325,2.52,10.77,17
002255_44,3,1,79,1.95,5.0,0
002255_44,4,1,177,1.25,4.12,0
002257_42,0,1,46,1.13,3.16,0
002257_44,0,1,85,0.82,2.83,0
005222_12,0,1,11,2.27,5.0,0
005222_21,0,1,230,0.89,2.83,0
005222_21,1,1,268,0.78,2.83,0
005225_02,0,1,115,1.53,5.0,0
005225_02,1,1,137,1.44,5.39,0
005225_02,2,1,93,5.23,12.81,0
005225_02,3,1,145,1.53,4.47,0
005225_02,4,1,151,1.25,4.47,0
005225_02,5,1,72,1.22,4.12,0
005225_02,6,1,82,2.13,7.21,1
005225_02,7,0,33,4.6,15.23,3
005225_03,0,1,56,0.96,2.83,0
005225_03,1,0,60,2.59,13.45,3
005225_03,2,1,101,1.07,2.83,0
005225_03,3,1,127,1.19,7.07,0
005225_11,0,1,94,1.69,5.0,0
005225_11,1,1,30,1.11,3.16,0
005225_11,2,0,80,3.18,17.46,3
005225_11,3,1,167,1.61,5.0,0
005225_11,4,1,33,3.62,19.7,1
005225_11,5,1,122,1.62,5.39,0
005225_11,6,0,129,2.41,17.89,3
005225_13,0,1,355,2.63,18.38,11
005225_13,1,1,320,1.15,16.0,1
005225_13,2,1,145,1.6,5.0,0
005225_13,3,1,108,1.08,4.12,0
005225_31,0,1,314,1.47,4.47,0
005225_31,1,1,193,1.25,4.47,0
005225_31,2,1,236,1.31,7.62,1
005225_31,3,0,111,4.85,18.03,9
005225_40,0,1,176,1.09,5.0,0
005225_44,0,0,52,10.2,20.52,5
005225_44,1,1,178,1.08,3.61,0
005225_44,2,1,237,1.32,4.47,0
005227_10,0,1,228,1.83,6.32,1
005230_00,0,1,288,1.01,5.0,0
005230_00,1,0,51,3.07,13.6,6
005230_00,2,1,249,1.56,6.32,0
005230_00,3,1,133,1.06,3.61,0
005230_00,4,1,201,1.23,7.62,1
005230_00,5,1,160,1.17,3.16,0
005230_00,6,1,58,1.63,5.0,0
005230_34,0,1,89,1.23,4.12,0
005230_34,1,0,258,1.88,16.16,3
005230_34,2,1,33,1.15,3.61,0
005230_34,3,1,161,1.08,3.61,0
005230_34,4,1,42,1.66,4.47,0
005230_40,0,0,181,5.38,19.24,5
005230_40,1,0,158,19.39,57.2,8
005230_40,2,1,127,1.67,4.47,0
005230_40,3,1,56,1.82,4.12,0
005247_00,0,1,65,1.53,5.0,0
005247_00,1,0,59,3.33,13.34,4
005247_00,2,1,7,0.89,1.41,0
005247_01,0,1,116,0.98,4.24,0
005247_01,1,1,340,1.24,7.07,2
005247_01,2,1,77,1.38,3.61,0
005247_01,3,1,142,1.14,5.0,0
005247_01,4,1,16,1.06,2.83,0
005247_01,5,1,111,2.46,12.73,6
005247_01,6,1,163,1.09,7.07,0
005247_01,7,0,87,3.99,15.81,7
005247_01,8,1,63,1.2,3.16,0
005247_01,9,0,40,18.77,52.81,3
005247_10,0,1,9,1.81,3.61,0
005247_11,0,1,309,1.44,4.12,0
005247_11,1,1,316,0.85,4.12,0
005247_11,2,1,320,1.52,7.81,2
005247_11,3,1,326,1.5,5.39,5
005247_11,4,1,304,1.66,16.55,2
005247_11,5,1,267,1.5,4.24,0
005247_11,6,1,59,0.88,2.24,0
005247_11,7,1,14,2.55,5.66,0
005247_11,8,1,14,2.92,6.0,0
005247_12,0,1,116,1.4,3.61,0
005247_12,1,1,316,1.37,5.66,1
005247_12,2,1,307,1.36,5.0,0
005247_12,3,1,145,1.36,3.16,0
005247_12,4,1,35,1.34,4.24,0
005247_13,0,1,231,1.26,3.61,0
005247_13,1,1,224,1.22,4.24,0
005247_13,2,1,252,1.28,4.24,0
005247_13,3,1,61,1.01,3.16,0
005247_13,4,1,197,1.19,4.24,0
005247_14,0,1,149,1.24,2.83,0
005247_14,1,1,364,1.43,8.94,1
005247_14,2,0,621,3.68,19.92,15
005247_14,3,1,99,1.59,10.63,1
005247_14,4,1,61,1.24,4.12,0
005247_14,5,1,23,1.9,4.24,0
005247_14,6,1,123,1.33,4.0,0
005247_20,0,1,301,0.82,2.24,0
005247_20,1,1,110,0.92,3.61,0
005247_20,2,1,269,1.5,17.69,1
005247_20,3,1,224,1.16,4.24,0
005247_20,4,1,191,1.25,4.12,0
005247_20,5,1,250,1.44,7.62,1
005247_20,6,0,310,44.45,67.01,13
005247_20,7,1,151,1.37,3.61,0
005247_24,0,1,526,1.36,5.39,3
005247_24,1,0,313,2.66,19.1,19
005247_24,2,1,41,1.69,4.0,0
005247_24,3,0,52,10.23,28.02,5
005247_24,4,1,263,1.2,4.0,0
005247_24,5,1,152,0.89,4.12,0
005247_24,6,1,68,1.5,5.1,0
005247_24,7,1,23,1.06,4.0,0
005247_24,8,1,128,2.36,10.2,5
005247_24,9,1,38,1.3,3.61,0
005247_41,0,0,281,1.65,10.0,4
005247_41,1,0,276,2.01,8.0,4
005247_41,2,1,60,1.31,4.0,0
005247_41,3,1,98,1.7,5.66,3
005247_41,4,1,130,1.66,6.4,1
005247_41,5,1,8,1.55,3.16,0
005247_41,6,1,28,1.16,2.83,0
005247_42,0,0,34,4.11,14.76,3
005247_42,1,1,416,1.45,10.63,1
005247_42,2,1,56,2.75,13.0,2
005247_42,3,1,137,2.48,9.22,3
005247_42,4,1,113,1.31,4.24,0
005247_42,5,1,173,1.59,6.32,2
005247_42,6,1,162,1.78,6.32,2
005247_42,7,1,217,1.09,5.1,0
005247_42,8,1,117,1.8,9.85,1
005247_42,9,1,22,1.63,3.61,0
005247_42,10,1,8,1.31,2.24,0
005250_02,0,1,63,1.41,3.61,0
005250_02,1,1,234,1.34,5.83,1
005250_04,0,1,238,1.18,5.0,1
005250_04,1,1,239,1.68,12.53,3
005250_04,2,1,268,0.96,6.08,0
005250_04,3,1,308,1.36,8.49,2
005250_04,4,1,300,1.14,5.0,0
005250_04,5,1,162,1.34,4.47,0
005250_04,6,1,130,0.93,4.12,0
005250_04,7,1,183,0.97,3.61,0
005250_31,0,0,55,3.99,14.56,5
005250_31,1,1,39,1.45,5.0,0
005250_31,2,0,55,7.05,21.84,4
005252_11,0,1,180,1.55,5.0,0
005252_11,1,1,523,1.43,12.65,3
005252_11,2,1,85,1.94,13.6,2
005252_11,3,1,202,1.83,6.71,3
005252_12,0,1,303,1.82,6.32,1
005252_12,1,0,319,2.62,14.76,10
005252_12,2,1,44,1.5,4.0,0
005252_12,3,1,52,1.08,3.16,0
005252_20,0,1,287,2.07,6.32,2
005252_20,1,1,389,2.22,13.42,10
005252_20,2,1,44,1.19,3.61,0
005252_32,0,1,282,1.28,5.0,0
005252_32,1,1,90,1.71,5.39,1
005252_32,2,1,382,1.45,6.08,0
005252_32,3,1,249,1.25,6.32,0
005252_32,4,1,64,1.3,4.47,1
005252_32,5,1,98,1.01,3.16,0
005252_33,0,0,302,1.58,12.81,3
005252_33,1,1,377,1.33,7.62,1
005252_33,2,1,93,1.31,3.0,0
005252_33,3,1,467,1.36,6.32,2
005252_33,4,1,31,1.66,3.61,0
005252_34,0,1,83,1.22,5.66,0
005252_34,1,0,122,2.62,19.24,3
005252_40,0,1,284,1.21,3.61,0
005252_40,1,1,289,1.24,6.32,1
005252_42,0,1,206,1.68,7.62,2
005252_42,1,1,364,1.34,3.61,0
005252_42,2,1,361,1.35,12.81,3
005252_42,3,1,77,1.08,3.61,0
005252_42,4,1,20,0.6,1.0,0
005252_42,5,1,162,1.3,5.0,0
005255_21,0,1,99,1.18,3.16,0
005255_21,1,1,63,3.35,17.8,3
005255_22,0,1,287,1.17,5.0,0
005255_22,1,1,180,1.43,6.4,1
005255_22,2,1,347,1.3,9.22,2
005255_22,3,1,177,1.84,12.04,1
005255_22,4,0,118,3.8,15.0,7
005255_23,0,0,65,3.13,14.76,3
005255_23,1,0,193,2.33,9.9,9
005255_23,2,0,96,6.77,20.1,9
005255_30,0,1,484,2.06,13.0,6
005255_30,1,0,79,3.46,13.34,9
005255_30,2,0,40,3.97,13.04,3
005255_30,3,1,35,1.08,2.83,0
005255_30,4,1,224,1.72,5.1,0
005255_31,0,0,39,2.79,9.43,3
005255_31,1,1,228,1.45,5.66,0
005255_31,2,1,374,2.28,9.85,13
005255_31,3,1,167,2.12,5.39,0
005255_31,4,1,41,2.24,5.39,0
005255_31,5,1,124,1.43,4.12,0
005257_13,0,1,65,1.2,3.61,0
005257_13,1,1,146,1.39,4.12,0
005257_13,2,1,155,1.92,5.1,0
005257_13,3,1,113,1.22,3.61,0
005257_13,4,1,198,1.81,4.12,0
005257_13,5,1,19,2.03,8.54,0
005257_42,0,0,194,3.08,17.0,12
005257_42,1,1,133,1.85,6.32,0
005257_42,2,1,51,1.79,7.0,0
007225_03,0,0,698,29.34,35.23,75
007225_03,1,0,130,4.24,11.18,17
007225_11,0,1,131,1.15,4.47,0
007225_13,0,1,189,0.91,4.47,0
007225_13,1,1,241,1.57,6.0,2
007225_13,2,1,57,1.34,4.24,0
007225_13,3,1,76,0.93,2.24,0
007225_13,4,1,87,2.67,8.6,1
007225_13,5,1,158,0.79,4.24,0
007225_13,6,1,11,0.67,2.0,0
007225_21,0,1,248,1.17,10.63,1
007225_22,0,1,86,2.01,7.21,2
007225_22,1,1,60,1.73,7.62,1
007225_30,0,1,191,1.09,4.0,0
007225_30,1,1,283,1.25,9.85,2
007225_30,2,1,91,1.21,4.24,0
007225_41,0,1,132,1.13,5.0,1
007225_41,1,1,297,1.58,12.04,6
007225_41,2,1,329,0.76,3.16,0
007225_41,3,1,155,2.0,9.9,5
007225_42,0,1,290,1.05,4.12,0
007225_42,1,1,333,1.39,5.0,0
007225_42,2,1,419,2.35,14.21,16
007225_43,0,1,193,1.2,5.0,0
007225_43,1,1,141,1.97,7.81,1
007225_43,2,0,33,4.1,13.45,3
007227_40,0,1,235,1.65,6.32,6
007227_40,1,1,223,1.88,19.65,3
007230_12,0,1,6,2.61,5.0,0
007230_12,1,1,108,1.89,6.4,0
007230_12,2,1,166,1.22,4.24,0
007230_12,3,1,99,1.33,4.47,0
007230_12,4,1,38,1.44,4.12,0
007230_12,5,1,19,1.31,5.0,0
007230_12,6,0,729,1.76,11.66,95
007230_12,7,1,67,1.51,6.71,1
007230_20,0,1,187,1.24,5.0,0
007230_20,1,1,283,1.04,4.12,0
007230_20,2,1,289,1.16,4.12,0
007230_20,3,1,14,2.13,4.12,0
007230_21,0,1,367,1.18,4.47,0
007230_21,1,1,149,1.58,7.81,1
007230_21,2,1,343,1.3,5.83,0
007230_21,3,1,193,1.35,6.4,0
007230_21,4,1,127,1.02,3.61,0
007230_21,5,0,178,1.82,10.0,4
007230_24,0,1,398,1.19,7.81,7
007230_24,1,1,304,1.23,7.21,2
007230_24,2,1,89,1.72,5.83,1
007230_30,0,1,102,1.42,4.12,0
007230_30,1,1,61,1.3,3.61,0
007230_30,2,1,102,1.22,4.24,0
007230_31,0,1,59,1.18,4.24,0
007230_31,1,1,70,1.43,4.47,0
007230_31,2,1,68,2.29,6.32,0
007230_34,0,1,25,1.1,2.83,0
007230_42,0,1,280,1.8,9.9,4
007230_42,1,1,296,1.49,6.4,2
007230_42,2,1,80,1.2,5.0,0
007252_20,0,1,267,1.16,4.12,0
007252_20,1,1,291,1.08,4.12,0
007252_43,0,0,172,1.64,11.7,3
007252_43,1,1,264,1.64,7.81,3
007252_43,2,0,344,2.49,14.87,12
007252_43,3,1,169,1.83,6.71,0
007252_43,4,1,32,1.17,2.83,0
007252_43,5,1,65,0.93,2.83,0
007252_43,6,1,26,1.33,3.16,0
007252_43,7,1,64,1.01,3.16,0
007255_02,0,1,295,1.91,13.45,6
007255_02,1,1,330,1.88,7.81,5
007255_02,2,1,41,1.05,3.16,0
007255_02,3,0,35,4.45,14.32,3
007255_04,0,1,47,1.26,5.0,0
007255_10,0,1,280,1.2,5.0,3
007255_10,1,1,14,3.03,7.81,0
007255_10,2,0,161,2.16,10.63,4
007255_10,3,1,288,1.21,3.61,0
007255_10,4,1,29,1.3,3.16,0
007255_10,5,1,33,1.96,6.08,0
007255_31,0,1,106,1.22,3.61,0
007255_31,1,1,215,1.28,4.12,0
007255_31,2,1,46,1.07,3.61,0
007255_33,0,1,38,1.28,3.16,0
007255_33,1,1,72,1.34,5.0,0
007255_34,0,1,269,2.04,4.47,1
007255_34,1,1,190,1.73,9.85,5
007255_34,2,1,261,1.42,4.0,0
007255_34,3,1,292,2.13,6.32,8
007255_34,4,1,303,2.38,16.49,10
007255_34,5,1,57,0.72,2.83,0
007255_34,6,0,148,2.29,15.03,5
007255_34,7,1,259,1.52,4.0,0
007255_34,8,1,14,1.41,3.61,0
007255_43,0,1,207,2.08,4.47,1
007255_43,1,1,274,1.71,5.83,1
007255_43,2,1,93,2.06,5.0,0
007255_43,3,1,277,1.85,8.06,4
007255_43,4,1,152,1.51,4.0,0
007255_43,5,1,270,1.08,3.61,0
007257_04,0,1,201,0.8,4.12,0
007257_04,1,1,113,0.91,3.61,0
007257_04,2,1,239,0.9,2.83,0
007257_04,3,1,117,1.2,3.61,0
007257_04,4,1,159,1.39,15.62,1
007257_04,5,1,72,1.12,4.12,0
007257_11,0,0,117,2.4,7.07,5
007257_11,1,1,207,1.47,5.66,2
007257_11,2,1,168,1.46,3.61,0
007257_11,3,1,148,0.96,3.61,0
007257_13,0,1,130,1.02,3.61,0
007257_13,1,0,83,4.02,18.38,6
007257_13,2,1,177,1.22,5.0,1
007257_13,3,1,69,1.29,7.62,1
007257_13,4,1,93,1.63,9.9,1
007257_13,5,1,30,0.83,2.83,0
007257_14,0,0,46,7.77,18.6,4
007257_14,1,1,375,1.22,4.47,0
007257_14,2,0,281,2.18,14.14,12
007257_14,3,1,239,1.04,4.24,0
007257_14,4,1,58,2.0,11.18,1
007257_22,0,1,341,0.86,2.83,0
007257_22,1,1,299,1.12,2.83,0
007257_22,2,1,141,0.91,2.83,0
007257_22,3,1,171,1.37,5.0,1
007257_22,4,1,117,0.93,2.83,0
007257_22,5,1,142,1.08,3.61,0
007257_22,6,1,61,1.27,5.66,0
010255_03,0,1,248,1.45,7.0,4
010255_03,1,1,563,1.61,19.42,5
010255_03,2,1,263,1.22,4.0,0
010255_03,3,1,102,1.1,3.61,0
010255_03,4,1,52,2.27,8.0,1
010255_03,5,0,54,4.18,15.13,6
010255_10,0,1,212,1.59,4.12,0
010255_10,1,0,193,2.25,13.34,5
010255_10,2,1,310,1.34,4.0,0
010255_10,3,1,267,1.05,3.16,0
010255_10,4,1,112,2.13,11.66,3
010255_10,5,1,179,1.54,6.71,0
010255_10,6,1,126,1.28,4.12,0
010255_10,7,1,38,0.87,2.24,0
010255_10,8,1,140,1.41,4.12,0
010255_10,9,1,53,1.56,5.0,1
010255_12,0,1,268,1.64,10.0,2
010255_12,1,1,272,1.78,12.0,3
010255_12,2,1,10,1.18,4.0,0
010255_13,0,1,238,1.26,4.47,0
010255_13,1,1,258,1.23,5.0,0
010255_13,2,1,256,1.11,4.47,0
010255_13,3,1,258,1.3,5.0,0
010255_23,0,1,150,1.49,6.71,1
010255_23,1,1,309,1.3,4.47,0
010255_23,2,1,230,1.72,10.0,4
010255_23,3,0,204,1.92,13.15,7
010255_23,4,1,514,1.68,10.63,13
010255_31,0,1,83,1.79,4.12,1
010255_31,1,1,185,1.67,5.83,2
010255_31,2,1,241,1.59,8.06,2
010255_34,0,1,289,1.05,4.12,0
010255_34,1,1,51,1.46,4.24,0
010255_34,2,1,82,1.1,4.24,0
010255_34,3,1,74,1.14,2.83,0
010255_34,4,1,12,2.16,5.66,0
010255_40,0,1,267,1.69,8.25,1
010255_40,1,1,214,1.7,6.32,1
010255_40,2,1,78,1.41,5.39,0
010255_43,0,1,203,1.54,4.47,0
010255_43,1,1,238,1.44,7.62,2
010255_43,2,1,29,1.17,3.0,0
010255_43,3,1,309,1.3,4.47,0
010255_43,4,0,327,1.64,11.66,7
010255_43,5,1,38,1.27,3.16,0
010255_43,6,1,60,1.24,5.66,0
010257_03,0,1,9,1.16,2.24,0
010257_03,1,1,85,1.38,7.62,0
010257_03,2,1,122,1.47,10.77,1
010257_03,3,1,2,0.5,1.0,0
010257_03,4,1,267,1.28,4.47,0
010257_03,5,1,46,2.14,4.12,0
010257_40,0,1,282,1.72,12.08,2
010257_40,1,1,294,1.29,4.12,0
010257_40,2,1,268,1.51,5.1,0
010257_40,3,1,270,1.25,5.0,0
010257_40,4,1,268,1.37,4.12,0
010257_40,5,1,256,1.12,4.12,0
010257_40,6,1,95,1.1,3.16,0
970192_02,0,1,319,0.81,2.83,0
970192_02,1,1,285,1.04,4.12,0
970192_12,0,1,68,0.76,2.83,0
970192_12,1,1,106,1.18,4.12,0
970192_21,0,0,146,2.25,12.53,6
970192_21,1,1,220,1.07,4.47,0
970192_30,0,0,292,2.67,17.2,11
970192_30,1,1,314,1.51,12.21,3
970192_30,2,0,40,10.74,23.77,3
975187_24,0,0,196,1.65,14.21,3
977187_02,0,1,300,1.45,4.47,0
977187_02,1,1,192,1.3,5.66,0
977187_02,2,0,153,4.96,16.16,16
977187_02,3,0,175,21.83,83.68,17
977187_02,4,1,105,2.6,6.4,4
977187_02,5,1,85,2.87,9.22,4
977187_02,6,1,381,2.37,14.76,11
977187_02,7,0,42,3.78,11.4,3
977187_02,8,1,80,3.15,15.0,4
977187_12,0,1,7,0.98,3.61,0
977187_44,0,1,14,1.08,3.61,0
977187_44,1,1,77,2.21,9.22,1
977187_44,2,1,7,1.0,2.0,0
977190_14,0,1,266,1.42,5.0,0
977190_23,0,1,174,1.49,6.0,0
977190_23,1,0,118,3.4,17.0,4
977190_23,2,1,33,4.93,18.36,2
977190_23,3,1,7,1.52,2.83,0
977190_23,4,1,74,1.69,5.0,0
977190_23,5,1,193,3.78,19.1,15
977190_32,0,0,205,2.21,13.0,10
977190_32,1,1,4,1.0,2.0,0
977190_32,2,0,366,2.77,15.0,11
977190_32,3,1,152,2.07,4.24,1
977190_32,4,1,5,2.4,4.24,0
977190_32,5,1,148,1.96,9.22,4
977190_32,6,1,43,1.54,5.0,0
977190_32,7,1,153,2.56,6.32,3
977190_33,0,0,265,2.2,15.81,6
977190_33,1,0,80,8.61,29.7,13
977190_33,2,1,11,1.78,4.24,0
977190_33,3,1,274,1.87,7.21,0
977190_33,4,1,287,2.16,7.0,4
977190_33,5,1,173,2.18,5.66,0
977195_13,0,1,160,1.17,3.16,0
977195_13,1,1,152,1.27,12.53,1
977195_13,2,1,243,1.16,3.61,0
977195_13,3,1,106,1.5,5.83,0
977195_13,4,1,33,1.93,6.32,0
977200_34,0,1,246,1.03,2.83,0
977200_34,1,1,203,1.58,10.82,3
977200_34,2,1,115,0.95,3.16,0
980187_42,0,1,128,1.05,3.61,0
980187_43,0,1,214,0.98,3.61,0
980187_43,1,1,253,1.1,6.4,1
980187_43,2,1,12,4.89,11.31,1
980187_43,3,1,232,0.83,3.61,0
980187_43,4,1,41,1.84,5.0,0
980187_43,5,1,44,0.97,2.83,0
980187_43,6,1,265,1.06,5.0,0
980187_43,7,1,92,3.27,13.42,8
980187_44,0,1,292,1.06,5.0,0
980187_44,1,1,264,1.65,7.81,2
980187_44,2,1,251,0.9,4.24,0
980187_44,3,0,87,4.75,12.04,11
980187_44,4,1,100,1.96,8.49,2
980187_44,5,1,102,2.34,5.83,4
980187_44,6,1,27,1.1,3.61,0
980187_44,7,1,24,1.18,2.83,0
980190_10,0,1,51,1.8,5.0,0
980190_10,1,1,54,2.46,7.62,1
980190_10,2,1,225,1.8,5.39,0
980190_10,3,1,64,1.53,6.71,0
980190_10,4,1,2,0.0,0.0,0
980190_20,0,0,58,3.81,14.14,4
980190_20,1,0,649,2.47,11.18,37
980190_20,2,1,364,2.21,13.42,9
980190_20,3,1,130,1.47,5.0,0
980190_30,0,0,68,4.79,16.64,4
980190_30,1,0,51,3.89,13.45,3
980195_01,0,1,197,1.36,4.24,0
980195_01,1,0,628,3.85,9.9,6
980195_01,2,0,108,3.89,16.76,6
980195_01,3,1,50,0.8,2.83,0
980195_01,4,1,100,1.24,4.0,0
980195_01,5,1,142,1.34,4.47,0
980195_01,6,1,78,1.53,6.4,1
980195_04,0,0,157,3.29,12.73,8
980195_04,1,1,100,1.51,4.24,0
980195_04,2,0,72,4.04,18.38,4
980195_04,3,1,49,1.86,5.0,0
980195_04,4,1,110,1.96,5.83,1
980195_04,5,1,28,2.04,4.24,0
980195_04,6,0,188,1.48,9.85,3
980195_04,7,0,40,2.88,11.31,3
980195_04,8,1,29,1.72,3.61,0
980195_11,0,1,123,1.24,4.24,0
980195_11,1,1,117,1.05,3.0,0
980195_11,2,1,70,0.88,2.83,0
980195_11,3,1,158,1.26,3.16,0
980195_11,4,1,300,1.38,5.83,0
980195_11,5,1,161,2.36,8.54,6
980195_11,6,1,102,1.07,3.0,0
980195_11,7,1,7,0.63,1.41,0
980195_12,0,1,45,1.04,3.61,0
980195_12,1,1,169,1.09,3.61,0
980195_12,2,1,108,1.67,4.12,0
980195_12,3,1,94,1.97,5.0,0
980195_12,4,1,39,1.42,4.12,0
980195_12,5,1,136,1.1,3.16,0
980195_12,6,1,45,1.43,3.16,0
980195_13,0,1,133,1.8,6.4,0
980195_13,1,1,97,1.6,4.24,0
980195_13,2,0,100,4.1,19.21,5
980195_13,3,0,52,4.66,14.76,4
980195_13,4,1,180,1.97,10.77,5
980195_13,5,1,212,1.8,14.42,6
980195_13,6,0,266,2.07,16.0,4
980195_14,0,1,131,1.18,6.08,0
980195_14,1,1,110,1.79,4.24,0
980195_14,2,0,276,2.51,23.26,3
980195_14,3,0,155,3.63,15.56,13
980195_14,4,0,63,4.21,15.81,4
980195_14,5,1,254,1.3,11.4,3
980195_14,6,1,9,1.4,3.16,0
980195_14,7,1,19,1.4,3.16,0
980195_42,0,1,202,1.33,8.94,0
980195_42,1,1,187,1.15,4.47,1
980195_42,2,1,151,1.5,10.63,1
980195_42,3,1,59,1.43,4.0,0
980195_42,4,1,42,0.81,2.0,0
980195_42,5,1,20,3.45,7.28,0
980197_14,0,1,364,1.86,13.42,10
980197_14,1,1,160,1.11,4.12,0
980197_14,2,1,463,1.29,8.49,3
980197_14,3,1,242,1.05,3.16,0
980197_22,0,1,243,1.45,6.32,0
980197_22,1,1,28,1.81,5.83,0
980197_22,2,0,699,9.97,11.05,98
980197_22,3,1,87,1.47,4.24,0
980197_22,4,1,16,1.84,5.0,0
980197_22,5,1,44,1.23,4.47,0
980197_22,6,1,35,1.63,4.12,0
980197_24,0,1,468,1.56,8.06,0
980197_24,1,1,160,2.7,10.0,1
980197_24,2,1,136,12.37,20.88,0
980197_24,3,1,130,1.11,4.47,0
980197_24,4,1,110,1.18,4.47,0
980197_24,5,1,108,2.56,9.85,4
980197_24,6,1,117,1.19,3.61,0
980197_24,7,1,48,2.54,8.49,1
980197_33,0,1,285,1.72,12.08,3
980197_33,1,1,360,1.95,17.8,11
980197_33,2,1,280,1.39,6.32,0
980197_33,3,1,116,1.4,3.61,0
980197_33,4,1,54,1.38,5.0,0
980197_33,5,1,146,1.12,5.66,0
980197_33,6,1,105,1.54,6.0,0
980197_33,7,1,42,1.56,4.12,1
980197_33,8,1,114,2.68,8.06,8
980197_33,9,1,24,2.31,5.0,0
980197_34,0,1,92,1.37,4.0,0
980197_34,1,1,285,2.12,10.3,8
980197_34,2,0,88,8.13,19.1,11
980197_34,3,1,363,2.35,13.45,17
980197_34,4,1,43,1.85,5.0,0
980197_34,5,0,612,2.86,10.2,6
980197_34,6,1,65,1.05,2.83,0
980197_34,7,1,95,2.65,13.45,3
980197_34,8,1,2,0.71,1.41,0
980197_42,0,1,406,1.92,14.21,8
980197_42,1,1,171,1.57,7.62,2
980197_42,2,1,502,1.44,14.32,3
980197_42,3,1,209,1.21,3.61,0
980197_42,4,1,69,1.11,4.12,0
980197_42,5,0,198,1.99,12.21,9
980197_42,6,1,138,1.15,3.61,0
980197_42,7,1,66,1.43,4.47,0
980197_43,0,0,39,4.66,16.28,3
980197_43,1,0,427,2.33,19.92,17
980197_43,2,1,260,1.43,5.0,0
980197_43,3,1,110,2.56,7.21,2
980197_43,4,1,242,1.69,7.07,6
980197_43,5,1,109,1.05,3.61,0
980197_43,6,1,18,1.57,4.12,0
980197_43,7,1,56,1.67,3.61,0
980197_43,8,1,31,1.21,2.83,0
980200_02,0,0,59,3.6,17.03,3
980200_02,1,1,295,1.62,12.04,3
980200_02,2,1,239,1.69,6.08,1
980200_02,3,1,135,1.97,7.0,3
980200_02,4,0,396,2.01,11.05,9
980200_02,5,1,22,1.54,3.61,0
980200_04,0,0,214,3.7,17.0,9
980200_04,1,0,136,7.17,48.84,3
980200_04,2,1,71,1.25,4.0,0
980200_04,3,1,199,1.65,8.0,4
980200_04,4,1,2,0.0,0.0,0
980200_04,5,1,137,2.02,10.77,4
980200_04,6,0,196,22.27,35.13,17
980200_04,7,0,47,5.66,19.92,5
980200_04,8,1,35,6.01,21.38,3
980200_11,0,1,324,2.19,14.0,10
980200_11,1,1,224,2.25,12.0,7
980200_11,2,1,170,1.85,7.28,1
980200_11,3,1,256,1.57,5.0,0
980200_11,4,1,117,1.91,5.1,0
980200_40,0,1,443,1.7,7.62,2
980200_40,1,1,106,1.12,3.61,0
980200_40,2,1,48,1.41,4.12,0
980200_40,3,1,449,1.55,5.66,0
980200_40,4,1,41,1.22,4.12,0
980200_40,5,1,29,1.76,4.0,0
980200_41,0,1,287,1.24,4.24,0
980200_41,1,1,308,1.63,5.0,0
980200_41,2,0,88,3.4,15.0,7
980200_41,3,1,189,1.43,4.47,0
980200_41,4,1,113,1.77,6.32,0
980200_41,5,1,214,1.83,13.6,4
980200_41,6,1,149,1.16,4.12,0
980200_41,7,1,103,1.04,4.47,0
980200_44,0,1,46,0.87,3.16,0
980200_44,1,1,496,1.83,12.21,20
980200_44,2,1,182,1.86,13.42,5
980200_44,3,1,242,1.55,12.04,3
980200_44,4,1,231,1.28,5.83,0
980200_44,5,1,110,1.28,4.12,0
980200_44,6,1,92,1.63,7.21,0
980200_44,7,1,292,1.58,9.85,3
980200_44,8,1,39,1.51,4.12,0
980202_03,0,1,244,1.49,7.0,1
980202_03,1,0,236,2.09,14.0,7
980202_03,2,1,446,1.65,10.44,5
980202_03,3,1,124,1.17,4.0,0
980202_03,4,1,99,1.41,5.0,0
980202_04,0,1,110,1.5,4.12,0
980202_04,1,1,239,1.76,14.0,2
980202_04,2,1,325,1.46,10.0,2
980202_04,3,1,387,2.24,13.6,7
980202_04,4,1,204,2.06,15.0,3
980205_02,0,0,186,2.66,17.0,6
980205_02,1,1,252,1.59,5.0,0
980205_12,0,1,7,1.98,2.83,0
980205_12,1,0,144,2.79,11.0,8
980205_12,2,1,58,1.52,4.0,0
980205_12,3,1,251,2.14,5.39,0
980205_12,4,0,142,2.96,8.0,5
980205_13,0,1,260,2.33,8.54,7
980205_13,1,1,203,1.48,6.0,0
980205_13,2,0,199,1.98,11.4,10
980205_13,3,1,270,1.92,22.0,3
980205_13,4,0,90,2.7,12.0,4
980205_13,5,1,149,1.43,5.0,0
980205_22,0,0,179,2.77,22.02,4
980205_22,1,1,60,1.29,4.47,0
980205_22,2,0,40,6.55,22.0,3
980205_22,3,0,247,3.09,10.0,13
980205_22,4,1,73,1.72,6.32,1
980205_22,5,1,250,1.89,6.0,0
980207_14,0,1,405,1.23,8.94,2
980207_14,1,1,230,1.19,4.12,0
980207_14,2,1,99,1.06,5.83,0
980207_14,3,1,275,1.45,8.25,3
980207_14,4,1,296,1.37,5.0,0
980207_42,0,1,282,2.22,13.0,8
980207_42,1,1,262,1.83,5.0,3
980210_13,0,1,135,1.66,4.47,0
980212_14,0,1,219,1.43,5.83,1
980212_14,1,1,273,0.9,3.16,0
980212_14,2,1,206,2.65,18.03,6
980212_14,3,1,84,0.96,3.61,0
980212_14,4,1,59,1.88,6.71,4
980212_33,0,1,10,1.48,3.16,0
980212_33,1,1,78,1.57,4.47,0
980217_00,0,1,79,1.47,4.47,0
980217_00,1,1,37,1.68,4.47,0
982195_02,0,1,180,1.63,6.32,0
982195_02,1,1,248,2.19,6.32,2
982195_02,2,1,68,1.9,4.47,0
982195_02,3,0,292,1.8,8.94,3
982195_02,4,1,282,2.04,6.71,2
982195_02,5,1,316,1.57,5.0,2
982195_02,6,0,651,59.1,63.03,35
982195_02,7,1,105,2.79,8.06,1
982195_02,8,1,26,3.75,9.43,0
982195_10,0,1,229,1.76,12.73,1
982195_10,1,1,106,2.59,13.0,4
982195_10,2,1,167,1.4,4.47,1
982195_10,3,0,310,193.58,298.89,19
982195_10,4,1,108,2.02,9.22,2
982195_10,5,1,118,1.97,7.81,2
982195_10,6,0,249,3.71,14.42,17
982195_10,7,0,48,32.72,62.43,4
982195_10,8,1,64,1.46,6.4,0
982195_10,9,1,43,1.51,3.16,0
982195_11,0,1,57,2.18,14.14,1
982195_11,1,0,73,3.22,13.42,4
982195_11,2,0,59,7.44,22.36,7
982195_11,3,1,65,1.67,5.0,0
982195_11,4,1,5,2.11,4.12,0
982195_11,5,1,106,2.32,5.66,4
982195_11,6,1,43,2.48,13.04,1
982195_11,7,1,93,3.31,8.06,0
982195_11,8,1,26,1.09,2.83,0
982195_11,9,1,48,4.28,15.62,3
982195_30,0,0,90,5.9,18.6,7
982195_30,1,1,216,1.52,3.61,0
982195_30,2,1,100,1.52,5.0,0
982195_30,3,1,470,4.74,19.8,23
982197_00,0,1,300,1.23,7.62,1
982197_00,1,1,186,1.21,4.12,0
982197_00,2,1,403,1.24,5.39,0
982197_00,3,1,215,1.17,3.61,0
982197_00,4,1,206,1.3,7.62,3
982197_00,5,1,136,1.16,4.12,0
982197_01,0,1,283,1.74,11.18,3
982197_01,1,1,267,1.52,5.66,0
982197_01,2,1,132,1.24,4.12,0
982197_01,3,1,180,0.88,2.83,0
982197_01,4,1,41,1.42,4.12,0
982197_01,5,1,115,1.32,8.06,1
982197_01,6,1,11,1.68,3.61,0
982197_23,0,1,212,10.61,19.0,3
982197_23,1,1,514,1.8,10.0,3
982197_23,2,1,149,1.2,4.0,0
982197_23,3,1,122,1.57,6.08,1
982197_23,4,1,169,1.71,10.63,1
982197_30,0,1,284,2.26,5.0,1
982197_30,1,1,277,2.73,7.07,10
982197_30,2,1,284,2.68,7.07,9
982197_30,3,1,214,1.99,5.0,2
982197_30,4,1,103,2.38,12.53,1
982197_30,5,1,10,1.98,4.12,0
982200_00,0,1,139,0.98,3.61,0
982200_00,1,0,40,5.49,18.0,3
982200_00,2,0,51,2.67,15.23,3
982200_00,3,1,182,1.04,4.47,0
982200_00,4,0,134,2.2,15.03,5
982200_00,5,1,288,1.33,12.65,2
982200_00,6,1,177,1.4,5.39,0
982200_00,7,0,151,2.55,16.28,5
982200_00,8,0,192,2.69,14.21,11
982200_00,9,1,74,5.12,19.1,4
982200_03,0,0,284,1.65,11.7,8
982200_03,1,1,153,2.0,13.34,4
982200_03,2,1,260,1.24,6.32,1
982200_03,3,1,322,1.18,6.32,2
982200_03,4,1,298,1.43,5.39,0
982200_03,5,1,34,1.17,4.24,0
982200_03,6,1,65,1.3,4.12,0
982200_04,0,0,174,2.11,12.04,5
982200_04,1,1,594,1.59,7.07,4
982200_04,2,1,178,1.49,4.47,1
982200_04,3,1,226,1.32,6.32,1
982200_04,4,1,137,3.17,13.04,5
982200_04,5,1,29,1.5,4.12,0
982200_04,6,1,57,1.34,3.61,0
982200_04,7,1,61,2.9,20.62,1
982200_04,8,1,17,2.15,4.0,0
982200_14,0,1,543,1.44,14.21,3
982200_14,1,1,98,1.4,5.83,1
982200_14,2,1,450,1.41,13.0,2
982200_14,3,1,230,1.21,3.61,0
982200_14,4,1,187,1.19,3.61,0
982200_14,5,0,116,2.27,13.42,3
982200_14,6,1,83,1.51,8.0,0
982200_34,0,1,361,1.44,5.39,0
982200_34,1,0,411,2.01,10.63,16
982200_34,2,1,116,1.41,7.62,1
982200_34,3,1,129,1.29,4.12,0
982200_34,4,1,99,1.52,4.47,0
982200_34,5,1,133,1.14,5.0,1
982200_34,6,1,80,1.12,3.61,0
982200_34,7,1,108,1.41,4.47,0
982200_34,8,1,63,1.13,3.16,0
982200_42,0,1,126,1.88,7.62,4
982200_42,1,1,244,1.38,5.66,1
982200_42,2,1,186,1.17,5.83,1
982200_42,3,0,315,1.74,23.0,3
982200_42,4,1,10,1.35,2.83,0
982200_42,5,1,210,1.36,19.24,1
982200_42,6,1,4,2.32,4.12,0
982200_43,0,1,60,0.95,3.16,0
982200_43,1,1,283,1.11,5.0,0
982200_43,2,1,104,1.19,5.0,1
982200_43,3,1,69,1.49,4.47,0
982200_43,4,1,385,1.92,13.0,11
982200_43,5,1,156,1.85,4.47,1
982200_43,6,1,78,2.09,14.32,2
982200_44,0,0,66,3.25,12.53,8
982200_44,1,1,130,1.14,4.12,0
982200_44,2,1,83,1.34,5.83,1
982200_44,3,1,60,1.75,4.0,0
982200_44,4,1,296,1.46,4.47,0
982200_44,5,1,97,1.42,5.39,0
982200_44,6,1,73,1.27,4.12,0
982200_44,7,1,60,2.21,12.53,2
982202_01,0,1,125,1.66,9.85,1
982202_01,1,1,116,2.2,5.39,0
982202_01,2,0,62,3.82,19.24,3
982202_01,3,1,258,1.73,6.32,0
982202_01,4,1,67,1.07,3.61,0
982202_01,5,1,46,1.65,4.12,0
982202_01,6,1,2,0.0,0.0,0
982202_01,7,1,12,2.95,4.47,0
982202_21,0,1,477,1.44,9.9,5
982202_21,1,1,262,1.4,4.47,0
982202_21,2,1,152,1.35,5.0,0
982202_21,3,1,121,2.08,7.81,2
982202_21,4,1,191,2.19,16.16,4
982202_21,5,1,90,1.29,4.0,0
982202_31,0,1,472,1.48,5.83,4
982202_31,1,1,120,1.2,3.16,0
982202_31,2,0,409,168.54,454.85,8
982202_31,3,1,186,1.66,5.0,0
982202_31,4,1,215,1.48,7.21,2
982202_31,5,0,47,4.4,14.56,4
982202_31,6,1,86,1.04,4.12,0
982202_31,7,1,24,1.22,3.61,0
982202_41,0,0,55,3.13,12.04,3
982202_41,1,1,65,1.22,3.16,0
982202_41,2,1,195,1.23,3.61,0
982202_41,3,0,159,2.77,13.93,9
982202_41,4,1,210,1.55,15.0,1
982202_41,5,0,666,1.3,17.69,50
982202_41,6,1,73,2.5,8.49,1
982202_41,7,1,230,1.65,7.62,1
982202_41,8,1,80,1.6,7.81,1
982202_44,0,1,211,1.44,5.66,0
982202_44,1,1,235,1.45,7.21,1
982202_44,2,1,491,1.42,11.66,2
982202_44,3,1,34,0.91,2.0,0
982202_44,4,1,233,1.43,6.32,0
982202_44,5,1,78,1.42,6.32,1
982205_00,0,0,133,2.77,13.0,4
982205_00,1,0,423,2.27,16.0,20
982205_00,2,1,104,1.55,7.0,1
982205_00,3,0,159,2.33,13.0,5
982205_00,4,1,302,2.1,9.0,11
982205_00,5,1,128,1.67,6.71,0
982205_00,6,1,178,1.95,12.08,2
982205_00,7,1,238,2.0,6.71,0
982205_00,8,0,68,2.75,12.0,3
982205_01,0,1,261,2.71,7.0,4
982205_01,1,1,106,1.5,6.0,0
982205_01,2,1,258,2.0,7.62,3
982205_01,3,1,266,1.79,7.07,1
982205_01,4,1,57,2.42,7.28,1
982205_03,0,1,199,2.14,6.32,1
982205_03,1,1,38,1.43,2.83,0
982205_03,2,1,199,1.34,6.32,0
982205_03,3,1,279,1.06,3.61,0
982205_03,4,1,150,1.26,5.0,0
982205_03,5,1,167,1.27,5.0,0
982205_12,0,1,206,2.29,6.32,2
982205_12,1,0,533,2.58,13.6,23
982205_12,2,0,125,2.04,11.4,5
982205_12,3,1,127,2.22,6.71,1
982205_12,4,1,121,0.86,5.0,0
982205_12,5,0,126,2.46,8.94,9
982205_12,6,0,136,46.65,81.58,12
982205_12,7,1,149,1.79,8.94,2
982205_12,8,1,66,1.58,6.0,0
982205_12,9,1,96,1.81,4.0,0
982205_23,0,1,230,1.39,10.3,1
982205_23,1,0,456,2.12,12.08,20
982205_23,2,1,330,1.83,8.06,10
982205_23,3,1,91,1.18,3.61,0
982205_23,4,1,47,1.4,3.61,0
982205_23,5,1,343,1.58,10.82,1
982205_23,6,1,76,2.2,7.62,2
982205_23,7,1,32,1.03,2.24,0
982205_34,0,1,199,1.11,4.12,0
982205_34,1,1,116,1.34,10.0,1
982205_34,2,1,86,1.1,3.61,0
982205_34,3,1,166,1.43,6.32,1
982205_42,0,0,180,1.96,17.12,3
982205_42,1,1,235,2.46,13.45,10
982205_42,2,1,110,1.46,4.12,0
982205_42,3,1,193,2.07,5.0,0
982205_42,4,1,147,1.32,4.47,0
982205_42,5,0,55,18.13,30.41,5
982205_42,6,1,112,1.26,3.61,0
982205_42,7,1,74,1.47,5.0,0
982205_42,8,0,173,2.81,20.62,5
982205_42,9,1,98,1.41,4.47,0
982205_42,10,1,45,1.28,3.61,0
982205_42,11,1,16,1.45,2.83,0
982205_43,0,1,479,1.61,7.07,4
982205_43,1,1,248,1.45,10.63,2
982205_43,2,1,96,1.53,5.83,0
982205_43,3,0,224,1.9,11.66,4
982205_43,4,1,137,1.36,6.0,0
982205_43,5,1,84,1.26,5.0,0
982205_43,6,0,59,2.78,14.14,3
982207_04,0,1,293,1.02,3.61,0
982207_04,1,1,320,1.34,8.49,1
982207_04,2,1,258,1.02,5.0,0
982207_04,3,1,220,1.1,4.24,0
982207_11,0,1,288,1.02,9.22,1
982207_11,1,1,130,1.0,3.61,0
982207_11,2,0,399,1.73,10.82,12
982207_11,3,1,77,1.19,3.61,0
982207_11,4,1,30,1.48,3.16,0
982207_11,5,1,69,1.36,6.32,1
982207_13,0,1,202,1.08,6.71,0
982207_13,1,1,289,1.06,3.61,0
982207_13,2,1,289,0.96,3.61,0
982207_13,3,1,68,1.15,5.0,0
982207_13,4,1,160,1.11,3.61,0
982207_13,5,1,27,1.26,4.12,0
982207_23,0,1,70,1.26,5.0,0
982207_23,1,1,130,0.99,2.83,0
982207_23,2,1,317,1.15,5.0,0
982207_23,3,0,313,1.36,6.71,3
982207_23,4,1,43,1.33,5.39,1
982207_23,5,1,89,1.15,4.47,0
982207_24,0,1,130,1.28,4.47,0
982207_24,1,1,126,1.31,4.12,0
982207_24,2,1,450,1.35,5.39,2
982207_24,3,1,74,1.61,4.47,0
982207_24,4,1,305,1.3,5.66,0
982207_24,5,1,119,1.5,10.2,1
982207_24,6,1,87,1.29,4.12,0
982207_31,0,0,93,3.43,13.0,6
982207_31,1,1,246,1.51,6.08,2
982207_31,2,0,158,1.98,14.0,7
982207_31,3,1,58,1.93,6.4,1
982207_31,4,0,78,2.51,7.0,4
982207_31,5,1,138,1.06,5.0,0
982207_31,6,1,247,2.41,8.49,11
982207_31,7,0,89,3.13,12.04,6
982207_31,8,1,33,0.74,2.83,0
982207_40,0,1,231,1.78,7.07,0
982207_40,1,1,164,2.16,6.71,1
982207_40,2,1,178,2.48,14.76,2
982207_40,3,0,60,5.01,16.76,6
982207_40,4,1,83,6.54,24.0,8
982207_40,5,1,114,1.95,8.06,4
982207_40,6,1,268,2.13,10.77,4
982207_40,7,1,185,2.08,8.25,1
982207_40,8,0,46,27.62,52.2,5
982207_40,9,1,5,1.8,4.0,0
982207_41,0,1,422,1.97,9.49,3
982207_41,1,1,224,1.51,6.32,1
982207_41,2,1,371,2.13,8.0,4
982207_41,3,1,312,1.65,6.0,3
982207_41,4,1,45,1.78,11.4,1
982210_04,0,0,45,4.8,14.42,3
982210_04,1,1,125,1.21,4.12,0
982210_04,2,1,316,1.83,12.0,8
982210_04,3,0,49,4.11,10.77,4
982210_04,4,0,42,11.19,28.23,3
982210_04,5,1,69,1.29,4.12,0
982210_04,6,1,38,0.96,2.24,0
982210_10,0,1,292,1.27,5.0,0
982210_10,1,1,247,1.08,4.47,0
982210_10,2,1,183,1.51,6.32,1
982210_10,3,1,216,1.31,5.0,0
982210_10,4,1,40,1.24,4.0,0
982210_20,0,1,62,1.69,6.71,2
982210_20,1,1,375,1.5,7.81,4
982210_20,2,1,205,1.28,5.0,0
982210_20,3,1,201,1.54,8.6,4
982210_20,4,1,396,1.48,5.0,0
982210_20,5,1,97,0.91,3.16,0
982210_24,0,0,251,5.47,45.8,6
982210_24,1,1,484,1.5,13.34,3
982210_24,2,0,54,2.51,10.3,3
982210_24,3,1,161,1.65,8.06,3
982210_24,4,0,36,4.8,12.81,4
982210_24,5,1,56,2.0,15.0,1
982210_24,6,1,11,2.52,6.71,0
982210_24,7,1,33,2.32,13.89,1
982210_24,8,1,25,1.82,4.24,0
982210_24,9,1,11,0.86,2.24,0
982210_30,0,1,401,1.27,5.0,0
982210_30,1,1,101,1.25,5.39,1
982210_30,2,1,154,1.23,4.47,0
982210_30,3,1,469,1.23,5.83,0
982210_30,4,1,145,1.17,5.0,0
982210_30,5,1,39,1.43,5.0,0
982210_32,0,1,166,1.3,4.12,0
982210_32,1,1,366,1.27,5.83,0
982210_32,2,1,459,1.4,12.0,4
982210_32,3,0,93,3.42,19.21,4
982210_32,4,1,124,1.27,3.61,0
982210_32,5,0,44,4.82,14.87,3
982210_32,6,1,130,1.24,5.0,0
982210_32,7,0,61,5.39,16.76,6
982210_32,8,0,40,23.03,34.48,3
982210_32,9,1,38,5.04,21.19,3
982210_32,10,1,17,3.57,8.6,0
982210_34,0,1,268,1.15,5.0,0
982210_34,1,1,349,1.06,4.12,0
982210_34,2,1,174,1.49,4.12,0
982210_34,3,1,25,1.66,6.0,0
982210_34,4,0,83,8.14,19.03,10
982210_34,5,1,192,1.39,5.0,0
982210_34,6,0,38,4.92,17.46,3
982210_34,7,1,39,1.59,4.12,0
982210_34,8,1,52,1.1,3.61,0
982210_34,9,1,80,1.44,5.0,0
982210_34,10,0,64,5.82,25.0,4
982210_40,0,1,288,1.2,4.12,0
982210_40,1,1,267,1.19,3.61,0
982210_40,2,1,202,1.2,5.0,0
982210_40,3,1,254,1.24,6.71,1
982210_40,4,1,21,1.85,5.0,0
982210_42,0,1,281,1.83,5.39,0
982210_42,1,1,296,1.35,5.83,1
982210_42,2,1,243,1.12,2.83,0
982210_42,3,1,197,1.17,3.61,0
982210_42,4,1,22,1.32,4.12,0
982210_44,0,1,290,0.99,5.39,1
982210_44,1,1,289,1.05,5.39,0
982210_44,2,1,221,1.33,5.0,0
982210_44,3,1,28,1.23,3.61,0
982210_44,4,1,183,1.14,4.47,0
982212_00,0,1,284,1.18,5.39,1
982212_00,1,1,284,1.0,7.07,0
982212_00,2,1,296,1.26,4.47,0
982212_00,3,1,208,1.11,5.83,1
982212_00,4,1,282,1.12,4.12,0
982212_01,0,0,653,2.9,12.04,36
982212_01,1,0,194,2.24,11.0,7
982212_01,2,1,177,1.15,4.47,0
982212_01,3,1,185,1.32,3.61,0
982212_01,4,1,227,1.08,7.07,0
982212_01,5,1,287,1.26,5.0,0
982212_02,0,1,108,2.78,12.04,7
982212_02,1,0,68,2.85,12.81,4
982212_02,2,1,334,1.23,5.0,0
982212_02,3,1,158,1.14,6.32,0
982212_02,4,1,193,1.32,4.24,0
982212_02,5,1,153,1.84,12.81,1
982212_02,6,1,123,1.4,6.08,0
982212_04,0,1,369,1.5,5.83,2
982212_04,1,1,152,2.24,13.89,8
982212_04,2,1,213,1.44,4.24,0
982212_04,3,1,218,1.48,11.66,4
982212_04,4,1,19,1.14,3.16,0
982212_04,5,1,297,1.38,5.0,0
982212_04,6,1,113,0.89,2.83,0
982212_13,0,1,396,1.46,6.32,1
982212_13,1,1,272,1.4,10.3,2
982212_13,2,1,167,1.08,5.39,0
982212_13,3,1,121,1.27,4.12,0
982212_13,4,0,92,2.51,13.04,3
982212_13,5,1,129,1.45,3.61,0
982212_31,0,1,343,1.32,8.94,2
982212_31,1,1,36,1.06,2.83,0
982212_31,2,1,235,1.07,4.47,0
982212_31,3,1,217,1.29,4.47,0
982212_31,4,1,261,1.46,5.39,0
982212_40,0,1,363,1.12,7.07,1
982212_40,1,1,187,1.39,4.47,0
982212_40,2,1,80,1.55,4.12,0
982212_40,3,1,185,1.08,3.16,0
982212_40,4,1,53,1.85,6.32,1
982212_40,5,1,353,1.15,5.66,0
982212_42,0,1,199,1.5,5.1,0
982212_42,1,1,272,1.46,5.39,1
982212_42,2,1,54,1.86,4.12,0
982212_42,3,1,237,1.18,4.0,0
982212_42,4,1,315,1.22,5.83,1
982212_42,5,1,90,0.99,3.61,0
982212_43,0,1,298,1.26,5.39,0
982212_43,1,1,161,1.37,4.12,0
982212_43,2,1,34,1.28,4.12,0
982212_43,3,1,202,1.36,6.32,0
982212_44,0,1,134,2.03,11.66,4
982212_44,1,1,123,1.31,4.0,0
982212_44,2,1,346,1.24,5.0,0
982212_44,3,1,110,1.47,5.1,0
982212_44,4,1,158,5.07,17.46,7
982212_44,5,1,210,1.19,10.0,3
982212_44,6,1,309,1.22,5.0,1
982212_44,7,1,15,2.04,4.12,0
982215_02,0,1,2,1.0,2.0,0
982215_02,1,1,59,1.45,4.0,0
982215_02,2,1,89,1.33,6.4,1
982215_02,3,1,97,1.68,7.81,1
982215_02,4,1,44,0.96,2.83,0
982215_34,0,1,317,1.67,10.63,4
982215_34,1,0,635,3.21,10.77,27
982215_34,2,1,173,1.19,4.12,0
982215_34,3,1,77,1.61,4.12,0
982215_34,4,1,114,1.22,5.0,0
982215_34,5,1,35,1.41,4.24,0
982215_34,6,1,164,1.33,4.47,0
982215_34,7,1,37,1.54,6.71,1
982217_44,0,0,166,1.82,11.31,4
982217_44,1,1,310,1.32,9.49,4
982217_44,2,1,274,2.09,10.3,8
982217_44,3,1,392,1.17,4.12,0
982217_44,4,1,286,1.14,5.39,0
982217_44,5,1,142,1.39,6.71,2
982217_44,6,1,82,1.2,4.12,0
982217_44,7,1,138,1.21,4.24,0
985195_24,0,0,191,9.24,30.81,3
985195_24,1,0,288,10.36,29.07,10
985195_24,2,1,301,2.12,12.53,7
985195_24,3,1,257,1.47,4.12,0
985195_33,0,0,76,5.03,14.0,7
985197_02,0,1,10,0.94,2.0,0
985197_02,1,1,13,1.08,3.0,0
985197_02,2,0,152,7.56,38.47,4
985197_02,3,1,96,2.13,13.45,2
985197_02,4,1,240,1.42,13.0,2
985197_02,5,1,24,1.26,2.83,0
985197_02,6,1,481,1.71,8.0,11
985197_02,7,1,105,1.53,5.66,0
985197_02,8,1,110,1.81,12.65,3
985197_02,9,0,134,1.61,8.0,3
985197_02,10,1,167,1.33,5.0,0
985197_02,11,1,111,3.01,21.19,6
985197_02,12,1,76,1.03,3.16,0
985197_02,13,0,153,147.05,292.16,9
985197_02,14,1,15,1.09,2.0,0
985197_02,15,0,53,4.11,10.0,6
985197_03,0,1,121,1.18,3.61,0
985197_03,1,1,455,1.77,9.43,11
985197_03,2,1,57,1.71,4.47,0
985197_03,3,1,402,1.4,4.47,0
985197_03,4,1,15,1.19,3.0,0
985197_03,5,1,219,1.4,7.07,1
985197_03,6,1,9,1.0,3.0,0
985197_40,0,1,255,1.53,6.32,0
985197_40,1,0,156,2.17,14.14,5
985197_40,2,0,236,5.54,16.0,15
985197_40,3,1,311,1.24,5.83,2
985197_40,4,0,189,2.07,10.0,4
985197_40,5,1,207,2.07,13.15,4
985197_40,6,1,239,0.98,4.0,0
985197_40,7,1,271,2.25,7.07,2
985197_41,0,1,468,1.49,8.06,4
985197_41,1,0,146,5.29,21.59,4
985197_41,2,1,260,1.54,5.39,1
985197_41,3,0,40,14.48,35.0,3
985197_41,4,1,253,1.06,4.47,0
985197_41,5,1,134,1.26,4.0,0
985197_41,6,1,177,1.15,6.4,0
985200_01,0,0,349,1.89,13.04,5
985200_01,1,1,154,1.69,5.0,0
985200_01,2,1,310,1.4,5.0,0
985200_01,3,1,89,1.36,3.61,0
985200_01,4,1,169,1.4,5.39,1
985200_01,5,1,84,2.19,12.53,3
985200_03,0,1,169,1.26,4.12,0
985200_03,1,0,111,2.86,16.12,5
985200_03,2,1,121,1.5,4.0,0
985200_03,3,1,159,1.14,3.61,0
985200_03,4,1,54,1.46,4.12,0
985200_03,5,1,16,4.57,10.0,0
985200_22,0,1,249,1.21,5.83,0
985200_22,1,1,181,1.25,5.0,0
985200_22,2,0,60,2.93,15.3,3
985200_22,3,1,152,1.4,4.47,0
985200_22,4,1,103,1.24,3.0,0
985200_22,5,1,93,1.09,4.12,0
985200_22,6,1,44,1.57,4.12,0
985200_22,7,1,73,2.87,11.18,3
985200_22,8,1,279,1.38,5.39,0
985200_22,9,1,2,0.0,0.0,0
985200_22,10,1,6,0.94,2.24,0
985200_24,0,1,410,1.81,7.28,8
985200_24,1,1,73,1.35,3.16,0
985200_24,2,1,285,1.89,8.94,6
985200_24,3,1,159,1.23,4.47,0
985200_24,4,1,108,2.1,5.83,2
985200_24,5,1,269,1.78,7.0,1
985200_24,6,1,188,2.23,20.88,6
985200_24,7,1,93,10.77,21.54,5
985200_24,8,0,45,13.51,32.45,4
985200_24,9,1,98,1.44,5.0,0
985200_33,0,0,391,1.77,16.76,5
985200_33,1,1,235,1.08,3.16,0
985200_33,2,0,98,2.05,14.42,3
985200_33,3,1,150,1.77,5.39,2
985200_33,4,1,27,1.04,3.16,0
985200_33,5,1,47,1.24,3.16,0
985200_33,6,1,265,1.49,4.47,0
985200_33,7,1,122,1.52,5.0,0
985200_33,8,1,123,2.04,11.4,4
985200_33,9,1,138,1.22,5.1,0
985200_33,10,1,95,2.46,16.12,2
985200_41,0,0,40,4.42,13.6,3
985200_41,1,0,284,1.48,12.53,3
985200_41,2,1,330,2.23,11.66,9
985200_41,3,0,34,4.69,9.85,3
985200_41,4,1,26,1.67,3.16,0
985200_41,5,0,56,8.71,22.36,6
985200_41,6,1,3,0.67,1.0,0
985200_41,7,0,40,15.19,56.14,3
985200_41,8,0,32,3.91,14.32,3
985200_43,0,1,183,1.22,6.71,1
985200_43,1,1,420,1.83,12.73,7
985200_43,2,1,104,1.19,3.61,0
985200_43,3,1,502,1.92,7.62,6
985200_43,4,1,209,1.47,5.83,2
985200_43,5,1,218,1.61,4.47,0
985200_43,6,1,183,1.46,13.0,2
985200_43,7,1,93,2.08,12.21,3
985200_43,8,1,57,1.11,3.16,0
985200_43,9,1,26,2.07,4.24,0
985200_44,0,1,308,1.3,5.0,0
985200_44,1,0,183,2.04,16.49,3
985200_44,2,1,376,1.71,20.62,1
985200_44,3,1,131,1.37,3.61,0
985200_44,4,1,24,1.47,3.16,0
985200_44,5,1,29,1.77,5.1,0
985202_03,0,1,201,1.06,3.61,0
985202_03,1,1,38,2.51,13.6,1
985202_03,2,1,249,1.31,10.82,3
985202_03,3,1,62,1.61,5.83,1
985202_03,4,1,162,1.54,18.36,1
985202_13,0,1,122,1.34,5.39,1
985202_13,1,1,463,1.27,4.47,0
985202_13,2,1,207,0.95,3.16,0
985202_13,3,1,211,1.2,4.47,0
985202_13,4,1,82,2.66,8.0,0
985202_13,5,1,29,1.23,3.16,0
985202_22,0,1,512,1.37,10.3,2
985202_22,1,1,484,1.78,10.82,9
985202_22,2,1,60,9.73,25.3,2
985202_22,3,1,104,3.14,14.04,4
985202_22,4,1,63,1.36,3.0,0
985202_22,5,1,121,1.71,5.0,0
985202_22,6,1,124,1.94,6.71,2
985202_22,7,1,17,1.1,3.0,0
985202_22,8,1,41,1.32,4.47,0
985202_33,0,1,155,1.34,3.61,0
985202_33,1,1,405,1.45,13.0,2
985202_33,2,0,156,2.14,14.32,5
985202_33,3,1,166,1.32,5.66,0
985202_33,4,1,64,1.25,7.28,1
985202_33,5,1,95,1.33,4.12,0
985202_33,6,1,249,1.04,4.12,0
985202_43,0,1,454,1.39,9.43,1
985202_43,1,1,206,1.26,4.0,0
985202_43,2,1,179,1.38,4.0,0
985202_43,3,0,71,6.39,17.2,6
985202_43,4,1,35,3.34,8.06,0
985202_43,5,1,2,0.0,0.0,0
985202_43,6,1,16,2.27,4.0,0
985202_44,0,1,472,1.36,5.0,0
985202_44,1,1,78,1.64,6.0,0
985202_44,2,0,167,3.1,13.6,9
985202_44,3,0,98,3.3,13.34,8
985202_44,4,1,262,1.34,5.39,0
985202_44,5,1,68,2.28,5.0,0
985202_44,6,1,183,2.62,11.18,0
985202_44,7,1,189,1.24,5.0,0
985202_44,8,1,14,1.4,2.83,0
985202_44,9,1,16,2.14,4.12,0
985205_00,0,1,299,1.35,6.32,0
985205_00,1,0,267,2.31,12.08,14
985205_00,2,1,295,1.51,5.39,0
985205_00,3,1,33,1.11,3.61,0
985205_00,4,1,106,1.35,6.71,1
985205_00,5,1,70,1.42,5.0,0
985205_01,0,1,426,1.41,5.0,0
985205_01,1,1,61,0.94,3.61,0
985205_01,2,1,141,1.02,2.83,0
985205_01,3,1,143,1.36,5.83,0
985205_01,4,1,39,1.28,2.83,0
985205_01,5,1,192,1.15,3.61,0
985205_01,6,1,98,1.48,5.83,0
985205_02,0,1,33,1.46,4.47,0
985205_02,1,1,299,1.23,5.66,0
985205_02,2,1,49,1.94,4.24,0
985205_02,3,1,24,1.66,4.12,0
985205_02,4,1,299,1.32,4.47,0
985205_02,5,1,86,1.34,3.61,0
985205_02,6,1,125,1.14,5.0,0
985205_04,0,1,257,2.46,17.0,6
985205_04,1,1,487,1.27,4.0,0
985205_04,2,0,85,5.53,14.0,14
985205_04,3,1,135,4.11,19.72,5
985205_04,4,1,192,1.38,11.66,1
985205_04,5,0,51,3.35,11.66,4
985205_04,6,0,215,2.73,14.87,9
985205_11,0,1,293,1.39,6.32,0
985205_11,1,0,166,1.53,8.94,3
985205_11,2,0,156,2.1,16.12,3
985205_11,3,1,58,1.56,4.47,0
985205_11,4,1,249,1.26,5.83,1
985205_11,5,1,157,1.49,14.32,2
985205_13,0,1,310,1.53,8.54,2
985205_13,1,1,377,1.71,6.71,2
985205_13,2,1,210,1.6,13.04,1
985205_13,3,1,90,1.25,4.24,0
985205_13,4,1,229,1.39,4.0,0
985205_13,5,1,41,1.01,2.83,0
985205_21,0,1,568,1.37,9.43,1
985205_21,1,1,9,1.44,3.61,0
985205_21,2,1,158,1.53,12.65,1
985205_21,3,1,20,0.82,2.24,0
985205_21,4,1,183,1.42,4.12,0
985205_21,5,1,302,1.55,8.94,1
985205_23,0,0,109,1.98,12.17,4
985205_23,1,1,97,1.07,4.12,0
985205_23,2,1,318,1.42,11.05,1
985205_23,3,1,154,1.67,10.0,2
985205_23,4,1,229,1.35,13.0,1
985205_30,0,1,56,1.2,5.39,0
985205_30,1,0,87,3.13,16.4,7
985205_30,2,1,271,1.11,4.24,0
985205_30,3,0,206,2.19,13.6,10
985205_30,4,0,74,2.87,16.12,4
985205_32,0,1,93,1.38,4.24,2
985205_32,1,1,93,1.2,2.83,0
985205_32,2,1,294,1.12,3.61,0
985205_32,3,1,177,1.13,5.39,0
985205_32,4,1,74,0.84,4.12,0
985205_32,5,1,94,1.37,4.12,0
985205_32,6,1,265,1.25,3.61,0
985205_32,7,1,46,1.35,5.0,1
985205_40,0,0,350,1.51,7.81,4
985205_40,1,1,66,2.21,11.66,0
985205_40,2,1,201,1.3,4.12,0
985205_40,3,1,293,1.84,7.62,2
985205_40,4,1,168,1.28,4.12,0
985205_40,5,1,31,1.72,4.12,0
985205_41,0,1,298,1.47,8.94,3
985205_41,1,1,197,1.92,10.82,2
985205_41,2,0,262,1.8,11.66,7
985205_41,3,1,247,1.44,6.32,3
985205_41,4,1,181,1.65,12.21,3
985205_41,5,1,129,1.26,6.32,0
985205_41,6,1,163,1.44,6.32,0
985205_41,7,1,45,1.57,7.21,1
985205_43,0,1,171,1.96,5.0,0
985205_43,1,1,287,1.42,9.22,3
985205_43,2,1,80,1.26,5.0,0
985205_43,3,1,101,0.99,4.0,0
985205_43,4,1,3,2.0,4.0,0
985205_43,5,1,201,1.48,5.39,0
985205_43,6,1,14,1.05,3.0,0
985205_43,7,1,32,1.75,5.0,0
985205_44,0,1,182,1.4,4.12,0
985205_44,1,0,395,1.78,16.0,8
985205_44,2,1,124,1.27,4.47,0
985205_44,3,1,122,1.32,8.06,3
985205_44,4,1,97,1.1,5.39,0
985205_44,5,0,53,5.87,17.03,6
985205_44,6,1,57,1.69,5.39,0
985205_44,7,0,135,3.2,15.62,7
985205_44,8,0,117,2.09,8.94,3
985205_44,9,1,187,1.28,4.47,0
985207_03,0,1,151,1.04,3.61,0
985207_03,1,1,196,1.13,4.24,0
985207_03,2,1,269,1.05,5.0,0
985207_03,3,1,290,1.22,5.39,0
985207_11,0,1,215,1.49,7.28,1
985207_11,1,1,325,1.39,6.71,0
985207_11,2,1,144,1.24,3.61,0
985207_11,3,1,432,1.31,6.32,1
985207_11,4,1,167,1.28,7.21,3
985207_13,0,1,597,1.36,4.47,0
985207_13,1,1,298,1.24,10.82,1
985207_13,2,1,78,1.08,3.61,0
985207_13,3,1,173,1.08,10.3,1
985207_31,0,1,179,1.33,5.39,1
985207_31,1,1,298,1.56,5.39,0
985207_31,2,1,143,1.13,5.39,1
985207_31,3,1,288,1.46,6.32,0
985207_31,4,1,52,1.17,3.16,0
985207_31,5,1,16,1.51,3.16,0
985207_32,0,1,499,1.45,6.32,1
985207_32,1,1,47,1.02,2.83,0
985207_32,2,1,286,1.23,4.47,0
985207_32,3,1,145,1.31,5.83,0
985207_32,4,1,94,1.33,4.47,0
985207_32,5,1,83,1.23,4.12,0
985207_32,6,1,103,1.45,5.39,0
985207_43,0,1,227,1.44,5.0,0
985207_43,1,1,463,1.32,11.18,1
985207_43,2,1,239,1.36,11.31,2
985207_43,3,1,86,1.5,4.0,0
985207_43,4,0,66,3.66,13.34,5
985210_01,0,1,347,1.54,12.21,5
985210_01,1,1,122,1.03,3.16,0
985210_01,2,1,38,3.16,14.87,2
985210_01,3,1,54,1.66,5.83,1
985210_01,4,1,295,1.22,4.24,0
985210_01,5,1,73,1.33,5.39,0
985210_01,6,1,162,1.26,5.39,0
985210_01,7,1,28,2.02,4.47,1
985210_01,8,0,39,16.95,34.01,3
985210_01,9,1,15,1.84,5.0,0
985210_02,0,1,291,1.4,12.08,2
985210_02,1,1,20,1.95,5.0,0
985210_02,2,1,356,1.26,5.0,1
985210_02,3,1,99,1.55,4.47,0
985210_02,4,1,179,1.17,5.39,0
985210_02,5,1,81,1.7,10.63,2
985210_02,6,1,40,0.92,2.83,0
985210_02,7,1,141,1.14,3.61,0
985210_10,0,1,378,1.19,4.12,0
985210_10,1,1,289,1.51,8.94,1
985210_10,2,1,254,1.21,9.85,2
985210_10,3,1,27,1.89,3.61,0
985210_10,4,0,122,1.82,11.66,3
985210_10,5,1,11,1.43,3.0,0
985210_10,6,1,11,9.89,14.76,0
985210_10,7,1,2,1.0,2.0,0
985210_10,8,0,51,35.43,56.72,5
985210_11,0,1,163,1.29,5.83,1
985210_11,1,1,128,1.2,10.0,1
985210_11,2,1,286,1.39,4.47,0
985210_11,3,1,285,1.23,4.12,0
985210_11,4,1,74,1.34,7.62,1
985210_11,5,1,28,1.07,2.83,0
985210_12,0,1,268,1.13,5.0,0
985210_12,1,1,259,1.21,4.12,0
985210_12,2,1,271,1.45,6.71,4
985210_12,3,1,90,1.14,4.47,0
985210_12,4,1,335,1.25,5.0,0
985210_12,5,1,6,1.11,2.83,0
985210_12,6,1,38,1.53,6.32,0
985210_21,0,1,308,1.32,5.0,0
985210_21,1,1,182,1.05,4.47,0
985210_21,2,1,247,1.21,7.62,1
985210_21,3,0,34,4.19,14.32,3
985210_21,4,1,211,1.11,5.0,0
985210_30,0,1,290,1.17,3.61,0
985210_30,1,1,97,1.74,6.71,0
985210_30,2,1,57,1.63,5.0,0
985210_30,3,1,26,2.31,6.32,0
985210_30,4,1,288,1.03,3.61,0
985210_30,5,1,162,1.33,4.47,0
985210_31,0,1,260,1.41,12.53,1
985210_31,1,1,390,1.37,5.83,0
985210_31,2,1,138,1.79,8.49,1
985210_31,3,1,188,1.18,3.61,0
985210_31,4,1,238,1.24,5.0,0
985210_31,5,1,87,1.38,4.47,0
985210_31,6,1,42,1.42,4.12,0
985210_33,0,1,205,1.08,4.12,0
985210_33,1,1,303,1.47,8.94,2
985210_33,2,1,195,1.45,7.28,4
985210_33,3,1,377,1.21,5.39,0
985210_33,4,1,125,1.23,3.61,0
985210_33,5,1,159,1.51,10.3,1
985210_34,0,1,200,1.47,9.0,2
985210_34,1,1,223,1.48,6.0,1
985210_34,2,1,498,1.45,5.0,0
985210_34,3,1,257,1.11,6.0,0
985210_34,4,1,2,0.0,0.0,0
985210_34,5,1,13,1.42,3.0,0
985210_34,6,1,158,1.43,5.0,0
985210_41,0,1,355,1.24,5.83,0
985210_41,1,1,290,1.12,3.61,0
985210_41,2,1,134,1.11,3.61,0
985210_41,3,1,97,1.15,3.61,0
985210_41,4,1,48,1.34,5.0,0
985210_41,5,1,18,6.95,15.56,1
985210_41,6,1,9,1.28,2.24,0
985212_03,0,1,269,1.36,6.4,2
985212_03,1,1,280,1.22,5.0,0
985212_03,2,1,92,1.42,4.12,0
985212_03,3,1,209,1.15,5.0,0
985212_03,4,1,178,1.16,5.0,0
985212_03,5,1,19,1.18,4.12,0
985212_03,6,1,32,1.12,2.24,0
985212_03,7,1,50,1.37,3.61,0
985212_04,0,1,72,1.11,2.83,0
985212_04,1,1,109,0.96,3.16,0
985212_04,2,1,285,1.06,4.12,0
985212_04,3,1,293,1.11,8.94,1
985212_04,4,1,108,1.25,5.0,0
985212_04,5,1,29,1.23,2.83,0
985212_04,6,1,46,1.81,5.0,0
985212_21,0,1,294,1.16,11.66,1
985212_21,1,1,286,1.07,3.61,0
985212_21,2,1,105,1.16,3.61,0
985212_21,3,1,167,1.35,3.61,0
985212_21,4,1,62,1.57,5.0,1
985212_21,5,1,13,1.36,2.24,0
985212_22,0,1,124,1.29,5.66,0
985212_22,1,0,340,6.64,45.62,10
985212_22,2,1,270,1.32,4.12,0
985212_22,3,1,208,1.2,6.32,0
985212_22,4,0,186,200.32,407.06,18
985212_22,5,1,260,1.13,4.47,0
985212_22,6,1,36,2.79,10.05,1
985212_22,7,1,47,4.08,17.46,3
985212_22,8,1,11,0.97,2.0,0
985212_34,0,1,451,1.23,3.61,0
985212_34,1,1,215,1.0,4.12,0
985212_34,2,1,94,1.12,4.12,0
985212_34,3,1,115,1.22,4.12,0
985212_34,4,1,94,1.15,4.0,0
985212_34,5,1,114,1.28,4.47,0
985212_34,6,1,52,1.3,4.47,0
985212_41,0,1,287,1.44,5.0,0
985212_41,1,1,355,1.18,7.07,1
985212_41,2,1,157,1.97,10.63,1
985212_41,3,1,2,0.5,1.0,0
985212_41,4,1,153,1.24,4.24,0
985212_41,5,0,360,349.3,572.25,11
985212_42,0,1,3,1.14,2.0,0
985212_42,1,1,183,1.02,5.0,0
985212_42,2,1,232,1.04,4.12,0
985212_42,3,1,51,1.4,4.0,0
985212_43,0,1,186,1.41,5.0,0
985212_43,1,1,135,1.34,5.39,0
985212_43,2,1,343,1.2,6.32,1
985212_43,3,1,176,1.46,5.0,0
985212_43,4,1,121,0.98,3.61,0
985212_43,5,1,109,1.15,3.61,0
985212_43,6,1,131,1.87,12.04,2
985215_10,0,1,76,1.52,5.0,0
985215_10,1,1,320,1.03,7.62,1
985215_10,2,1,151,1.09,4.24,0
985215_10,3,1,281,1.17,4.12,0
985215_10,4,1,113,1.17,4.12,0
985215_12,0,1,50,1.52,5.83,0
985215_12,1,1,196,1.26,4.0,0
985215_12,2,1,282,1.15,5.39,0
985215_12,3,1,159,1.36,5.1,0
985215_12,4,1,23,1.71,3.16,0
985215_12,5,1,3,0.8,1.41,0
985215_13,0,1,171,1.25,4.12,1
985215_13,1,1,519,1.58,7.21,1
985215_13,2,1,327,1.42,5.83,1
985215_13,3,0,39,5.06,15.3,5
985215_13,4,1,179,1.97,14.76,4
985215_13,5,1,43,1.17,3.16,0
985215_13,6,0,632,82.48,91.68,28
985215_13,7,1,3,2.08,4.0,0
985215_20,0,1,134,1.0,3.61,0
985215_20,1,1,291,1.38,4.12,0
985215_20,2,1,271,1.32,12.21,1
985215_20,3,1,177,1.41,5.0,0
985215_21,0,1,353,1.27,5.0,0
985215_21,1,1,421,1.32,4.0,0
985215_21,2,1,180,1.47,12.04,1
985215_21,3,1,170,1.11,3.61,0
985215_21,4,1,110,1.09,3.61,0
985215_23,0,1,70,1.33,3.16,0
985215_23,1,1,291,1.46,10.05,1
985215_23,2,1,214,1.24,11.66,1
985215_23,3,1,192,1.37,4.47,0
985215_23,4,0,37,5.35,14.14,3
985215_23,5,0,41,24.38,48.76,5
985215_23,6,1,352,1.26,4.47,0
985215_23,7,1,9,3.85,7.62,0
985215_23,8,1,22,2.07,5.0,0
985215_23,9,0,74,5.6,20.59,8
985215_24,0,1,296,1.29,5.83,0
985215_24,1,1,141,1.63,7.21,0
985215_24,2,1,291,1.35,4.12,0
985215_24,3,1,103,1.57,3.61,0
985215_24,4,1,83,1.17,3.61,0
985215_24,5,1,46,1.39,4.47,0
985215_33,0,1,204,1.39,3.61,0
985215_33,1,1,174,1.44,5.83,0
985215_33,2,1,289,1.0,3.61,0
985215_33,3,0,305,1.23,11.18,5
985215_34,0,1,454,1.47,8.06,2
985215_34,1,1,253,1.76,6.32,1
985215_34,2,1,135,1.32,5.1,1
985215_34,3,1,187,1.67,9.85,3
985215_34,4,1,28,2.34,7.07,0
985215_34,5,1,190,1.25,8.54,2
985215_34,6,0,56,4.29,16.0,4
985215_44,0,1,252,1.35,4.47,0
985215_44,1,1,48,0.97,3.16,0
985215_44,2,0,228,21.11,46.07,15
985215_44,3,1,443,1.18,5.0,0
985215_44,4,1,183,1.23,4.47,0
985215_44,5,1,199,1.13,6.32,2
985215_44,6,1,52,2.89,8.06,6
985217_00,0,1,51,0.98,3.16,0
985217_23,0,1,556,1.19,10.77,1
985217_23,1,1,41,1.12,3.61,0
985217_23,2,1,101,1.27,9.43,1
985217_23,3,1,243,1.07,4.47,0
985217_23,4,1,188,1.15,4.12,0
985217_34,0,1,233,1.0,4.12,0
985217_34,1,0,279,1.63,9.85,3
985217_34,2,1,293,1.56,6.32,0
985217_34,3,1,191,1.26,4.47,0
985217_42,0,1,286,1.19,3.61,0
985217_42,1,1,467,1.33,6.71,1
985217_42,2,1,87,1.25,4.47,0
985217_42,3,1,96,0.96,3.0,0
985217_42,4,1,106,1.34,4.24,0
985217_42,5,1,102,0.99,4.12,0
985217_42,6,1,47,1.11,4.12,0
985220_03,0,1,292,1.12,3.61,0
985220_03,1,1,302,2.53,8.06,0
985220_03,2,1,291,1.54,5.39,0
985220_04,0,1,283,1.25,4.12,0
985220_04,1,1,274,1.54,10.77,3
985220_04,2,1,42,1.67,4.12,0
985220_04,3,1,269,1.36,10.0,1
985220_04,4,1,18,1.24,2.83,0
985220_12,0,1,142,1.42,4.12,0
985220_14,0,1,368,1.03,3.61,0
985220_14,1,1,227,1.2,6.32,0
985220_14,2,1,260,1.4,10.44,2
985220_14,3,1,54,1.3,3.61,0
985220_14,4,1,55,1.28,4.12,0
985220_42,0,1,214,1.07,3.16,0
985220_42,1,1,291,1.18,4.0,0
985220_42,2,1,177,1.05,4.47,0
985220_42,3,1,254,1.28,6.32,0
985220_43,0,1,230,1.08,5.0,0
985220_43,1,1,279,1.31,16.55,1
985220_43,2,1,115,1.39,4.47,0
985220_43,3,1,361,1.21,5.1,0
985220_43,4,1,105,1.64,10.82,2
985220_43,5,1,29,1.4,4.12,0
985220_43,6,1,206,1.58,14.76,1
985222_43,0,1,79,1.23,5.0,0
985222_44,0,1,262,1.57,3.61,0
985222_44,1,1,193,1.36,6.08,0
985222_44,2,1,292,1.13,4.47,0
985222_44,3,1,269,4.07,14.76,0
985222_44,4,1,210,1.03,5.0,0
985222_44,5,1,138,1.49,4.47,0
987195_23,0,1,274,3.1,13.15,12
987195_32,0,0,295,2.39,13.0,13
987195_32,1,1,249,1.44,5.83,0
987195_32,2,0,127,2.8,14.0,7
987195_32,3,0,274,2.08,16.0,4
987195_33,0,1,104,3.16,21.0,5
987195_33,1,0,53,4.91,13.15,5
987195_33,2,1,261,1.87,10.0,4
987195_33,3,0,144,3.04,10.2,9
987195_33,4,0,710,2.08,13.15,42
987195_33,5,0,44,3.93,10.0,4
987197_00,0,1,337,1.78,7.0,6
987197_00,1,1,386,1.51,8.0,1
987197_00,2,1,73,0.99,4.0,0
987197_02,0,0,63,5.11,17.72,6
987197_02,1,1,484,1.35,12.04,3
987197_02,2,0,250,1.76,13.6,3
987197_02,3,1,103,1.11,4.12,0
987197_02,4,0,70,3.54,10.3,4
987197_02,5,1,262,0.82,4.12,0
987197_02,6,1,61,13.04,24.6,0
987197_02,7,1,180,1.39,4.12,0
987197_02,8,1,64,1.3,5.39,0
987197_02,9,1,55,1.98,6.71,1
987197_24,0,1,311,1.35,5.1,0
987197_24,1,1,299,1.22,7.07,2
987197_24,2,1,191,1.15,4.0,0
987197_34,0,0,316,5.26,19.7,8
987197_34,1,0,147,4.56,20.0,4
987197_34,2,1,55,2.16,6.0,0
987197_34,3,1,259,1.39,9.0,1
987200_01,0,1,242,2.81,9.43,9
987200_01,1,1,134,1.38,3.61,0
987200_01,2,1,90,1.64,4.12,0
987200_01,3,1,147,1.48,3.61,0
987200_01,4,1,254,1.41,12.04,2
987200_01,5,1,91,1.37,4.12,0
987200_01,6,1,27,1.06,2.24,0
987200_01,7,1,27,2.05,5.0,0
987200_03,0,1,221,1.28,6.32,0
987200_03,1,1,268,1.11,6.71,0
987200_03,2,1,229,1.07,4.12,0
987200_03,3,1,108,1.37,5.39,0
987200_03,4,1,261,1.68,5.39,0
987200_04,0,1,253,1.39,5.39,1
987200_04,1,1,160,1.35,5.0,0
987200_04,2,1,306,1.81,9.22,3
987200_04,3,1,170,1.12,5.0,0
987200_04,4,1,445,1.18,4.47,0
987200_04,5,0,70,2.35,11.18,3
987200_13,0,1,536,1.94,9.22,10
987200_13,1,0,111,2.29,16.12,3
987200_13,2,1,206,1.38,5.0,0
987200_13,3,1,292,1.11,3.61,0
987200_13,4,0,185,1.75,16.28,3
987200_13,5,1,41,1.95,5.0,0
987200_13,6,1,78,2.32,13.42,3
987200_13,7,0,388,2.25,16.12,11
987200_13,8,1,13,1.47,2.24,0
987200_14,0,1,281,1.65,5.39,0
987200_14,1,1,286,1.61,5.0,1
987200_14,2,1,275,1.23,3.61,0
987200_14,3,1,331,1.35,9.85,2
987200_14,4,1,317,1.34,13.0,1
987200_14,5,1,22,2.12,5.39,0
987200_20,0,1,59,1.82,5.83,0
987200_20,1,1,291,1.64,5.83,1
987200_20,2,0,80,3.44,17.69,3
987200_20,3,0,583,1.99,14.0,14
987200_20,4,0,81,2.17,13.0,4
987200_20,5,1,8,0.93,2.24,0
987200_21,0,1,260,1.5,12.53,2
987200_21,1,0,37,4.2,9.43,4
987200_21,2,1,144,1.29,3.16,0
987200_21,3,1,183,1.47,4.47,0
987200_21,4,1,173,1.57,5.0,0
987200_21,5,1,322,1.89,10.44,5
987200_22,0,1,421,1.36,7.62,1
987200_22,1,1,102,1.64,5.0,1
987200_22,2,0,103,3.23,15.56,3
987200_22,3,1,247,1.28,4.0,0
987200_22,4,1,227,1.62,5.39,0
987200_22,5,1,136,1.3,5.1,0
987200_23,0,1,161,1.45,6.4,0
987200_23,1,1,356,1.42,6.08,0
987200_23,2,1,52,1.13,3.16,0
987200_23,3,1,199,1.48,5.39,1
987200_23,4,1,33,1.1,3.61,0
987200_31,0,1,381,10.3,37.48,6
987200_31,1,0,136,6.61,21.47,10
987200_31,2,0,234,2.35,13.04,8
987200_31,3,1,193,2.11,5.83,1
987200_31,4,1,197,1.3,5.1,0
987200_31,5,0,265,1.79,6.71,12
987200_31,6,0,40,16.68,54.34,3
987200_31,7,1,49,1.21,3.61,0
987200_31,8,1,11,0.84,3.0,0
987200_33,0,1,125,1.21,4.12,0
987200_33,1,1,347,1.26,5.1,0
987200_33,2,1,2,0.0,0.0,0
987200_34,0,1,258,1.26,4.24,0
987200_34,1,1,142,1.42,7.07,0
987200_34,2,1,269,1.38,3.61,0
987202_01,0,1,279,1.05,5.83,1
987202_01,1,1,327,1.38,7.07,2
987202_01,2,1,58,1.15,4.12,0
987202_01,3,1,41,1.44,4.12,0
987202_01,4,0,208,1.6,5.83,3
987202_01,5,1,161,1.05,3.61,0
987202_01,6,1,25,1.03,2.24,0
987202_01,7,1,29,1.8,4.47,0
987202_01,8,1,21,2.01,3.61,0
987202_03,0,1,380,1.26,4.24,0
987202_03,1,1,254,1.24,5.39,0
987202_03,2,1,185,1.16,4.24,0
987202_03,3,1,248,1.38,5.83,0
987202_03,4,1,73,1.76,11.66,1
987202_03,5,1,122,1.74,9.85,2
987202_03,6,1,66,1.15,4.12,0
987202_03,7,1,30,1.16,4.12,0
987202_04,0,1,290,1.43,4.12,0
987202_04,1,1,143,1.31,5.83,1
987202_04,2,1,96,1.17,4.47,0
987202_04,3,1,295,1.24,6.32,0
987202_04,4,1,77,1.46,6.32,0
987202_04,5,1,40,1.62,5.39,0
987202_11,0,0,150,1.88,12.53,3
987202_11,1,0,371,1.73,12.53,6
987202_11,2,1,358,1.31,6.71,4
987202_11,3,1,165,1.22,5.83,0
987202_11,4,1,178,1.46,12.0,2
987202_11,5,0,56,37.96,70.41,4
987202_11,6,1,40,1.47,9.22,1
987202_11,7,1,10,0.6,1.0,0
987202_11,8,1,170,1.17,4.12,0
987202_11,9,1,13,2.9,5.0,0
987202_13,0,1,203,1.51,5.83,1
987202_13,1,1,44,2.46,12.73,2
987202_13,2,1,195,1.58,12.53,3
987202_13,3,1,43,1.92,6.4,1
987202_13,4,1,373,1.09,4.12,0
987202_32,0,1,308,1.3,6.4,0
987202_32,1,1,357,1.87,12.53,7
987202_32,2,1,101,1.58,4.47,0
987202_32,3,1,136,1.27,5.66,0
987202_32,4,1,122,1.33,5.0,0
987202_32,5,1,105,1.42,3.61,0
987202_32,6,1,74,1.64,5.83,2
987202_33,0,1,59,1.97,18.38,1
987202_33,1,1,202,1.29,5.39,0
987202_33,2,1,417,1.44,7.21,4
987202_33,3,1,358,1.21,6.71,1
987202_33,4,1,109,1.11,5.0,0
987202_33,5,1,207,1.31,5.0,1
987202_33,6,1,26,1.66,5.0,0
987202_44,0,1,80,1.1,3.61,0
987202_44,1,1,138,1.38,5.39,0
987202_44,2,1,465,1.39,11.18,2
987202_44,3,1,158,1.04,4.12,0
987202_44,4,1,283,1.56,5.83,1
987202_44,5,0,49,2.81,13.93,3
987202_44,6,1,126,1.09,4.47,0
987205_11,0,1,407,1.61,5.0,1
987205_11,1,1,180,1.39,5.0,0
987205_11,2,1,126,1.75,5.1,0
987205_11,3,1,296,1.38,12.0,3
987205_11,4,1,48,1.28,3.16,0
987205_11,5,1,141,1.91,5.83,1
987205_11,6,1,63,1.81,11.66,1
987205_11,7,1,63,1.84,7.62,2
987205_11,8,1,23,1.35,3.16,0
987205_20,0,1,396,1.09,3.16,0
987205_20,1,1,282,1.44,8.54,1
987205_20,2,1,119,1.13,4.0,0
987205_20,3,1,254,1.45,7.62,3
987205_20,4,1,35,1.39,3.61,0
987205_20,5,1,179,1.16,4.12,0
987205_21,0,1,334,1.33,5.0,1
987205_21,1,1,25,2.17,7.21,0
987205_21,2,1,270,1.07,4.12,0
987205_21,3,1,96,1.33,5.0,0
987205_21,4,1,64,1.59,5.0,0
987205_21,5,1,148,1.66,4.47,0
987205_21,6,1,15,1.72,3.61,0
987205_21,7,1,57,1.21,3.61,0
987205_22,0,1,324,1.22,6.32,0
987205_22,1,1,198,1.09,4.47,0
987205_22,2,1,78,1.27,3.16,0
987205_22,3,1,280,1.22,10.63,1
987205_22,4,1,95,0.93,3.61,0
987205_22,5,1,43,1.21,3.16,0
987205_22,6,1,66,1.71,5.83,2
987205_22,7,1,17,1.53,4.12,0
987205_32,0,1,273,1.09,5.39,0
987205_32,1,1,339,1.38,11.18,3
987205_32,2,1,202,0.97,3.16,0
987205_32,3,0,214,1.36,6.32,3
987205_32,4,0,40,10.19,28.07,3
987205_34,0,1,128,1.83,6.0,1
987205_34,1,1,115,1.93,9.85,2
987205_34,2,1,36,1.93,6.71,0
987205_41,0,1,317,1.54,9.0,2
987205_41,1,1,126,1.35,5.39,1
987205_41,2,1,333,1.34,6.32,1
987205_41,3,0,58,2.92,15.23,3
987205_41,4,1,107,1.5,5.0,0
987205_41,5,1,74,1.7,5.83,1
987205_41,6,1,87,1.38,4.47,0
987207_02,0,1,114,1.2,3.61,0
987207_02,1,1,80,1.4,5.0,0
987207_02,2,1,387,2.04,13.0,8
987207_02,3,1,45,1.12,3.61,0
987207_02,4,1,353,1.5,9.85,3
987207_02,5,1,74,1.09,4.12,0
987207_02,6,1,120,1.43,5.0,0
987207_02,7,1,71,3.61,10.63,0
987207_02,8,1,64,1.23,3.61,0
987207_02,9,0,53,3.82,13.42,3
987207_03,0,1,298,1.09,4.24,0
987207_03,1,1,452,1.24,5.39,0
987207_03,2,1,365,2.03,11.66,10
987207_03,3,1,138,1.45,6.32,2
987207_03,4,1,99,1.16,5.0,0
987207_03,5,1,67,1.55,7.07,1
987207_03,6,1,88,1.13,4.12,0
987207_03,7,1,39,1.14,2.83,0
987207_04,0,1,84,1.76,10.82,1
987207_04,1,1,280,1.37,12.53,4
987207_04,2,1,19,1.2,3.16,0
987207_04,3,1,215,1.39,9.43,1
987207_04,4,1,175,1.34,6.32,1
987207_04,5,1,376,1.1,5.0,0
987207_04,6,1,101,1.16,4.0,0
987207_04,7,1,45,1.38,5.0,0
987207_11,0,1,253,1.39,4.47,0
987207_11,1,1,400,1.3,8.94,1
987207_11,2,1,148,1.26,5.0,0
987207_11,3,1,275,1.35,4.47,0
987207_11,4,1,88,1.55,7.07,1
987207_11,5,0,213,2.85,17.8,5
987207_11,6,0,130,2.52,17.46,3
987207_11,7,1,184,1.17,5.0,0
987207_11,8,1,41,4.44,9.22,0
987207_12,0,1,284,1.26,5.39,0
987207_12,1,1,126,1.33,5.0,0
987207_12,2,1,122,1.31,5.0,0
987207_12,3,1,349,1.43,4.24,1
987207_12,4,1,218,1.31,9.06,1
987207_12,5,1,22,1.82,6.32,0
987207_21,0,1,290,1.35,8.94,1
987207_21,1,1,104,1.16,5.83,0
987207_21,2,1,172,1.46,5.66,0
987207_21,3,1,46,2.35,6.4,0
987207_21,4,1,403,1.62,12.53,4
987207_21,5,1,136,1.66,5.83,0
987207_21,6,1,14,1.7,3.16,0
987207_21,7,1,14,2.1,4.47,0
987207_21,8,1,28,6.6,18.38,3
987207_32,0,1,353,1.77,10.77,5
987207_32,1,1,340,1.51,11.18,2
987207_32,2,1,256,1.32,5.83,0
987207_32,3,1,212,1.23,4.47,0
987207_32,4,1,57,1.06,3.61,0
987207_32,5,1,36,1.23,4.12,0
987210_00,0,1,178,1.08,3.16,0
987210_00,1,1,212,1.22,3.61,0
987210_00,2,1,149,1.09,5.1,0
987210_00,3,1,177,1.12,4.12,0
987210_00,4,1,219,1.35,6.71,1
987210_00,5,1,23,3.92,9.85,1
987210_01,0,1,291,1.29,5.0,0
987210_01,1,1,208,1.43,5.39,0
987210_01,2,1,240,1.3,4.12,0
987210_01,3,1,228,1.26,4.24,0
987210_31,0,1,247,1.45,8.06,2
987210_31,1,1,195,1.12,7.07,0
987210_31,2,1,207,1.14,4.12,0
987210_31,3,1,29,0.77,1.41,0
987210_31,4,1,534,1.46,12.53,4
987210_31,5,1,2,0.5,1.0,0
987210_31,6,1,59,1.23,4.12,0
987210_33,0,1,294,1.54,5.66,0
987210_33,1,0,647,1.71,14.21,15
987210_33,2,0,46,23.52,65.52,4
987210_33,3,1,131,1.47,9.85,2
987210_33,4,0,101,5.79,22.2,3
987210_33,5,1,172,1.03,3.61,0
987210_34,0,1,357,1.47,11.4,2
987210_34,1,1,155,1.15,5.39,0
987210_34,2,1,465,1.17,5.83,0
987210_34,3,1,200,1.27,4.12,0
987210_34,4,1,126,1.42,4.47,0
987210_34,5,1,2,1.12,2.24,0
987210_41,0,1,44,1.37,3.61,0
987210_41,1,1,393,1.23,4.0,0
987210_41,2,1,262,1.52,5.0,0
987210_41,3,1,237,1.1,3.61,0
987210_41,4,1,193,1.38,5.83,1
987210_41,5,1,143,1.52,13.42,2
987210_41,6,1,93,1.15,4.12,0
987210_43,0,1,435,1.4,6.0,1
987210_43,1,1,153,1.37,4.47,0
987210_43,2,1,297,1.37,6.71,1
987210_43,3,1,176,1.11,4.24,0
987210_43,4,1,255,1.33,10.82,1
987210_43,5,1,65,1.73,7.21,0
987212_03,0,1,256,1.21,8.54,1
987212_03,1,1,316,1.35,9.0,2
987212_03,2,1,242,1.17,4.47,0
987212_03,3,1,199,1.25,3.61,0
987212_04,0,1,329,1.29,5.39,0
987212_04,1,1,272,1.16,3.61,0
987212_04,2,1,236,1.1,5.0,0
987212_04,3,1,224,1.11,5.39,0
987212_04,4,1,29,0.75,2.0,0
987212_10,0,1,124,1.42,6.08,2
987212_10,1,0,125,3.06,13.93,6
987212_10,2,1,360,1.98,13.42,12
987212_10,3,1,206,3.97,19.31,4
987212_10,4,1,156,1.1,4.0,0
987212_10,5,0,88,23.04,78.1,4
987212_10,6,1,184,1.41,5.39,2
987212_10,7,0,377,1.54,13.0,4
987212_10,8,1,4,0.25,1.0,0
987212_10,9,0,40,14.37,44.78,3
987212_11,0,1,298,1.15,3.61,0
987212_11,1,1,284,1.17,3.61,0
987212_11,2,1,166,1.17,5.66,0
987212_11,3,1,109,1.28,5.83,1
987212_11,4,1,57,1.51,5.83,0
987212_11,5,1,30,1.41,3.61,0
987212_11,6,1,14,0.87,2.24,0
987212_20,0,0,335,2.85,18.68,7
987212_20,1,1,171,0.88,4.12,0
987212_20,2,1,77,1.7,6.71,1
987212_20,3,1,206,1.32,10.2,2
987212_20,4,1,421,1.27,7.62,1
987212_20,5,1,69,6.57,37.48,1
987212_20,6,1,174,2.46,11.0,1
987212_20,7,1,31,1.96,7.07,1
987212_22,0,1,286,1.05,3.61,0
987212_22,1,1,27,1.11,2.83,0
987212_22,2,1,243,1.37,3.61,0
987212_30,0,1,300,4.73,21.38,12
987212_30,1,1,83,1.74,4.12,1
987212_30,2,1,77,1.24,3.61,0
987212_30,3,1,197,1.6,8.94,3
987212_30,4,0,89,22.87,68.26,7
987212_30,5,0,147,2.09,15.81,3
987212_30,6,1,117,1.83,8.54,1
987212_30,7,1,97,1.1,3.16,0
987212_30,8,1,33,1.1,5.39,0
987212_30,9,1,19,1.45,3.16,0
987212_34,0,1,279,1.34,6.32,0
987212_34,1,1,178,1.12,3.61,0
987212_34,2,1,154,1.18,3.16,0
987212_34,3,1,271,1.22,4.47,0
987212_34,4,1,428,1.18,5.66,0
987212_34,5,1,81,1.48,4.12,0
987215_00,0,1,291,1.23,4.47,0
987215_00,1,1,287,1.16,4.12,0
987215_00,2,1,51,0.94,2.24,0
987215_00,3,1,173,1.31,3.61,0
987215_00,4,1,133,1.09,3.16,0
987215_00,5,1,11,0.79,2.0,0
987215_01,0,1,269,1.33,5.83,0
987215_01,1,1,277,1.64,5.39,2
987215_01,2,1,329,1.42,8.94,2
987215_01,3,1,256,1.37,4.12,0
987215_01,4,0,78,6.6,14.32,10
987215_01,5,1,86,1.05,3.0,0
987215_01,6,0,195,62.32,193.94,12
987215_01,7,1,26,1.28,4.12,0
987215_01,8,0,59,3.87,14.32,4
987215_01,9,1,14,1.39,3.0,0
987215_04,0,1,291,1.05,3.61,0
987215_04,1,1,44,1.41,4.12,0
987215_04,2,1,89,1.34,5.0,0
987215_04,3,1,108,1.52,5.0,0
987215_04,4,1,140,1.07,4.47,0
987215_20,0,1,256,1.25,5.1,0
987215_20,1,1,342,1.11,3.16,0
987215_20,2,1,206,1.52,5.83,1
987215_20,3,1,20,1.16,2.83,0
987215_20,4,1,246,1.17,4.47,0
987215_20,5,1,43,3.64,13.42,2
987215_20,6,1,86,1.28,3.61,0
987215_20,7,1,63,1.26,3.61,0
987215_20,8,0,36,4.54,17.0,3
987215_20,9,0,725,407.34,467.34,69
987215_20,10,1,47,1.25,3.61,0
987215_21,0,1,348,1.17,7.07,0
987215_21,1,1,146,1.25,7.62,1
987215_21,2,1,342,1.29,5.0,1
987215_21,3,1,184,1.13,4.12,0
987215_21,4,1,38,1.13,3.61,0
987215_21,5,1,99,2.15,5.39,0
987215_21,6,1,13,1.88,3.0,0
987215_21,7,0,54,3.1,10.77,4
987215_24,0,1,88,1.49,4.24,0
987215_24,1,1,149,1.34,5.0,0
987215_24,2,1,339,1.32,5.66,0
987215_24,3,1,193,1.68,10.63,4
987215_24,4,1,153,1.38,4.12,0
987215_24,5,1,177,1.32,4.47,1
987215_24,6,1,77,1.47,5.66,0
987215_33,0,1,97,1.47,4.12,1
987215_33,1,1,338,1.21,5.1,0
987215_33,2,1,116,1.26,5.0,0
987215_33,3,1,132,1.05,3.16,0
987215_33,4,1,321,1.1,5.39,0
987215_33,5,1,90,0.99,3.61,0
987215_33,6,1,68,1.04,3.61,0
987215_33,7,1,56,1.82,4.12,0
987215_41,0,1,173,1.48,6.0,0
987215_41,1,1,87,1.14,5.0,0
987215_41,2,1,75,1.48,4.47,0
987215_41,3,1,316,1.76,10.44,2
987215_41,4,1,93,0.64,2.83,0
987215_41,5,0,171,1.75,10.3,3
987215_43,0,1,391,1.15,4.24,0
987215_43,1,1,283,1.27,4.47,0
987215_43,2,1,253,1.48,6.08,2
987215_43,3,1,199,1.25,3.61,0
987215_43,4,1,131,1.21,5.0,0
987215_43,5,1,35,2.14,5.83,0
987217_03,0,1,46,1.33,3.61,0
987217_03,1,1,199,1.29,5.0,0
987217_03,2,0,160,1.99,15.81,3
987217_03,3,1,422,1.26,5.0,0
987217_03,4,0,40,9.84,29.0,3
987217_03,5,1,143,1.5,5.83,0
987217_03,6,1,199,1.46,6.0,0
987217_03,7,0,56,4.9,11.4,4
987217_04,0,1,220,1.14,4.12,0
987217_04,1,1,292,1.04,3.61,0
987217_04,2,1,159,1.05,5.83,0
987217_04,3,1,190,1.11,10.0,1
987217_04,4,1,175,1.33,4.12,0
987217_20,0,1,287,1.16,3.61,0
987217_20,1,1,42,1.1,4.12,0
987217_20,2,0,658,1.71,11.18,31
987217_20,3,1,142,1.36,4.12,0
987217_20,4,1,27,3.41,16.28,1
987217_20,5,1,44,1.47,8.94,1
987217_20,6,1,12,1.72,3.16,0
987217_20,7,1,190,1.32,5.83,1
987217_20,8,1,130,4.4,15.0,10
987217_23,0,1,152,1.37,7.07,1
987217_23,1,0,398,1.79,12.73,7
987217_23,2,1,66,1.37,3.61,0
987217_23,3,0,620,3.73,16.12,9
987217_23,4,0,159,1.99,13.15,4
987217_23,5,1,190,1.64,5.0,0
987217_23,6,1,44,1.14,3.16,0
987217_23,7,1,13,1.49,3.61,0
987217_32,0,1,188,1.15,4.24,0
987217_32,1,1,311,1.23,4.12,0
987217_32,2,1,174,1.34,4.24,0
987217_32,3,1,369,1.37,5.83,1
987217_32,4,1,133,1.18,4.24,0
987217_32,5,1,168,1.67,12.53,2
987217_33,0,1,200,1.38,4.12,0
987217_33,1,1,196,1.67,9.85,3
987217_33,2,1,366,1.39,6.0,0
987217_33,3,0,66,4.81,14.56,3
987217_33,4,0,59,2.86,14.0,3
987217_33,5,1,120,1.2,3.61,0
987217_33,6,1,25,1.92,5.83,0
987217_33,7,0,70,3.85,14.14,5
987217_42,0,1,517,1.11,4.47,0
987217_42,1,1,266,1.3,9.22,2
987217_42,2,1,163,1.23,12.53,1
987217_42,3,1,76,1.46,5.39,0
987217_42,4,1,112,1.73,13.45,2
987217_42,5,1,29,2.02,5.39,0
987220_14,0,1,226,1.43,7.62,1
987220_14,1,1,277,1.22,8.6,1
987220_14,2,0,807,3.85,10.63,194
987220_14,3,1,254,1.45,10.3,2
987220_14,4,1,84,1.13,4.12,0
987220_14,5,1,27,1.26,3.61,0
987220_14,6,1,16,1.47,4.24,0
987220_14,7,1,73,1.14,4.47,0
987220_14,8,1,63,1.45,3.61,0
987220_14,9,0,34,4.89,14.14,3
987220_21,0,1,232,1.36,6.32,2
987220_21,1,1,190,0.97,4.12,0
987220_21,2,1,453,1.29,4.47,0
987220_21,3,1,223,1.27,5.39,0
987220_21,4,1,40,1.04,3.61,0
987220_22,0,1,69,1.03,2.83,0
987220_22,1,1,174,1.31,5.39,0
987220_22,2,1,215,1.52,6.71,1
987220_22,3,1,288,1.06,3.61,0
987220_22,4,1,272,1.17,3.61,0
987220_23,0,1,171,1.48,5.83,0
987220_23,1,1,429,1.31,5.0,1
987220_23,2,1,176,1.03,4.47,0
987220_23,3,0,243,2.58,15.0,8
987220_23,4,0,46,11.52,45.0,4
987220_23,5,0,84,6.0,13.6,10
987220_23,6,1,197,2.16,14.14,3
987220_23,7,1,183,1.19,4.0,0
987220_23,8,1,127,1.66,8.0,1
987220_33,0,1,212,0.98,4.24,0
987220_33,1,1,202,2.36,8.94,9
987220_33,2,1,69,1.61,5.83,0
987220_33,3,0,66,3.66,12.04,4
987220_33,4,0,51,2.8,12.04,3
987220_33,5,1,203,1.23,7.62,1
987220_33,6,1,384,1.24,5.83,0
987220_33,7,1,103,1.47,5.0,0
987220_33,8,0,40,8.11,20.0,3
987220_33,9,0,70,2.76,11.05,3
987220_33,10,1,8,1.91,4.12,0
987220_34,0,1,269,1.17,5.0,0
987220_34,1,1,271,1.14,4.24,0
987220_34,2,1,238,1.56,10.3,1
987220_34,3,1,226,1.1,5.66,0
987220_44,0,1,210,1.1,3.61,0
987220_44,1,1,459,1.54,5.39,0
987220_44,2,1,17,1.22,3.16,0
987220_44,3,1,373,1.21,5.0,2
987220_44,4,1,123,1.22,3.61,0
987222_01,0,0,367,1.89,13.45,7
987222_01,1,1,18,1.26,2.24,0
987222_01,2,1,288,1.14,7.21,2
987222_12,0,1,291,1.23,5.83,0
987222_12,1,1,19,1.21,3.16,0
987222_12,2,1,159,1.35,4.47,0
987222_12,3,1,32,1.16,3.61,0
987222_12,4,0,267,1.54,16.28,3
987222_12,5,1,57,1.48,4.0,0
987222_12,6,1,122,1.11,5.0,1
987222_12,7,1,56,1.22,3.16,0
987222_12,8,1,82,3.52,11.31,3
987222_22,0,1,176,1.6,4.47,0
987222_22,1,1,159,1.2,4.12,0
987222_22,2,1,166,1.07,4.12,0
987222_22,3,1,362,1.46,5.39,1
987222_22,4,1,351,1.31,4.47,0
987222_22,5,1,168,1.66,7.28,1
987222_31,0,1,297,1.35,5.0,0
987222_31,1,1,494,1.38,11.66,2
987222_31,2,1,85,1.03,2.83,0
987222_31,3,1,105,1.83,6.32,1
987222_31,4,1,86,1.02,4.12,0
987222_31,5,1,21,1.17,2.83,0
987222_31,6,1,54,1.21,4.24,0
987222_34,0,1,255,1.32,5.66,0
987222_34,1,1,545,1.2,5.0,0
987222_34,2,1,107,1.31,5.0,0
987222_34,3,1,170,1.53,4.12,0
987222_34,4,1,72,1.33,4.12,0
987222_34,5,1,9,1.12,3.61,0
987222_43,0,0,235,2.02,12.81,3
987222_43,1,1,342,1.35,4.47,1
987222_43,2,1,243,1.24,4.12,0
987222_43,3,1,72,2.55,11.66,3
987222_43,4,0,170,2.19,14.0,6
987222_43,5,0,617,2.38,11.0,7
987222_43,6,1,134,1.47,4.12,0
987222_43,7,1,92,1.34,4.24,0
987222_43,8,1,18,1.9,5.83,0
987222_44,0,1,289,1.37,5.0,0
987222_44,1,1,81,1.4,5.39,0
987222_44,2,1,47,1.11,3.16,0
987222_44,3,1,287,1.29,3.61,0
987222_44,4,1,119,1.56,5.0,0
987225_04,0,1,294,1.05,5.39,0
987225_04,1,1,55,1.55,4.47,0
987225_04,2,1,308,1.31,4.47,1
987225_04,3,1,187,1.23,4.47,1
987225_13,0,1,273,1.38,4.12,0
987225_13,1,1,270,1.71,5.0,0
987225_13,2,1,120,1.36,4.12,0
987225_13,3,1,270,1.1,5.0,0
987225_13,4,1,289,1.78,10.2,5
987225_31,0,1,102,1.34,3.61,0
987225_31,1,1,27,1.94,5.0,0
987225_31,2,1,36,2.07,4.0,0
987225_31,3,1,159,3.13,13.04,11
987225_34,0,1,120,1.39,4.12,0
987225_34,1,1,168,1.06,4.12,0
987225_34,2,1,423,1.52,5.0,0
987225_34,3,1,343,1.37,7.21,1
987225_34,4,1,200,1.19,5.0,0
987225_41,0,1,61,1.08,3.16,0
987225_41,1,1,72,1.15,5.39,0
987225_41,2,1,2,0.5,1.0,0
987225_41,3,1,26,2.82,12.21,1
987225_43,0,1,522,1.18,7.21,1
987225_43,1,1,277,1.47,5.83,0
987225_43,2,1,157,1.25,12.21,1
987225_43,3,1,146,1.18,5.39,1
987227_44,0,1,236,1.75,10.44,5
987227_44,1,1,278,1.18,4.12,0
987227_44,2,1,176,1.45,3.61,0
987227_44,3,1,87,0.94,2.83,0
987227_44,4,1,236,1.32,4.24,0
987227_44,5,1,28,0.76,3.16,0
987227_44,6,1,24,4.34,19.7,1
990197_11,0,1,273,1.72,11.18,2
990197_11,1,1,127,1.36,4.12,0
990197_11,2,0,305,3.88,16.76,3
990197_11,3,0,248,4.28,17.72,5
990197_11,4,1,191,2.97,14.32,0
990197_12,0,1,187,2.43,6.08,7
990197_12,1,1,127,4.27,7.62,0
990197_14,0,1,271,1.42,5.39,0
990197_14,1,1,258,1.91,5.39,0
990197_14,2,0,107,5.81,21.19,4
990197_14,3,1,295,2.62,6.32,6
990197_14,4,1,280,3.68,9.85,2
990200_01,0,1,172,1.28,4.12,0
990200_01,1,1,373,1.45,13.0,2
990200_01,2,1,118,1.17,3.61,0
990200_10,0,1,226,1.38,9.22,1
990200_10,1,0,308,1.51,12.04,3
990200_10,2,1,136,1.54,7.62,1
990200_10,3,1,119,0.84,3.61,0
990200_10,4,1,72,1.7,5.0,0
990200_10,5,0,68,3.21,14.04,3
990200_10,6,1,343,1.43,5.83,2
990200_10,7,1,32,2.51,10.3,2
990200_10,8,1,37,1.22,3.61,0
990200_42,0,1,167,1.31,4.47,0
990200_42,1,0,267,5.14,17.09,17
990200_42,2,1,26,1.49,3.16,0
990202_00,0,1,343,1.44,4.12,0
990202_00,1,1,235,1.33,11.4,1
990202_00,2,1,255,1.19,4.12,0
990202_00,3,1,374,1.26,5.39,0
990202_00,4,1,35,1.89,4.0,0
990202_00,5,1,48,1.01,3.0,0
990202_00,6,1,33,2.74,16.64,1
990202_01,0,0,373,2.35,16.55,8
990202_01,1,0,113,2.67,12.73,5
990202_01,2,1,352,1.23,4.12,0
990202_01,3,1,297,1.52,5.39,1
990202_01,4,1,55,2.05,8.49,3
990202_01,5,1,15,1.35,3.61,0
990202_01,6,1,21,0.94,2.24,0
990202_01,7,1,76,1.36,4.47,0
990202_01,8,1,3,0.0,0.0,0
990202_01,9,1,13,1.72,3.61,0
990202_04,0,1,228,1.38,5.0,0
990202_04,1,1,272,5.22,18.0,1
990202_04,2,1,262,1.79,11.0,1
990202_04,3,0,79,13.74,33.96,11
990202_11,0,1,20,0.86,2.0,0
990202_11,1,1,307,1.27,5.66,1
990202_11,2,1,217,1.29,3.61,0
990202_11,3,1,290,1.25,4.12,0
990202_11,4,1,112,1.19,5.0,0
990202_12,0,1,285,1.0,4.12,0
990202_12,1,1,306,0.93,5.0,0
990202_12,2,1,149,1.33,3.61,0
990202_12,3,1,86,1.12,2.83,0
990202_12,4,1,25,1.63,3.61,0
990202_23,0,1,156,1.15,4.0,0
990202_23,1,1,273,1.29,4.47,0
990202_23,2,0,379,2.64,15.81,11
990202_24,0,1,46,5.18,12.21,0
990202_24,1,1,101,1.39,4.0,0
990202_31,0,1,290,1.08,4.47,0
990202_31,1,1,372,1.61,5.39,0
990202_31,2,1,85,1.58,12.81,1
990202_31,3,1,182,1.45,6.4,0
990202_31,4,1,28,1.37,2.83,0
990202_31,5,1,43,1.17,3.16,0
990202_31,6,1,144,1.55,5.0,0
990202_41,0,1,335,1.54,10.82,2
990202_41,1,1,326,1.47,5.83,0
990202_41,2,1,298,1.28,12.0,1
990202_41,3,1,66,1.25,3.61,0
990202_41,4,1,62,1.82,14.14,1
990205_31,0,1,75,1.02,2.83,0
990205_41,0,1,149,1.76,5.0,0
990205_41,1,1,116,1.47,4.12,0
990205_41,2,1,11,1.79,5.0,0
990205_43,0,1,282,2.86,10.2,0
990205_43,1,0,628,7.18,20.02,27
990205_43,2,1,190,1.47,5.0,1
990205_43,3,1,33,1.09,4.47,0
990205_44,0,1,49,5.19,11.0,0
990205_44,1,1,116,2.08,8.25,1
990205_44,2,1,90,1.9,4.47,1
990205_44,3,1,141,1.52,6.32,1
990207_00,0,1,90,1.33,4.47,0
990207_00,1,1,497,1.48,5.83,1
990207_00,2,1,41,1.55,6.32,0
990207_00,3,1,20,2.03,5.0,0
990207_00,4,1,341,1.35,11.66,1
990207_00,5,1,125,0.96,4.47,0
990207_00,6,1,40,2.55,12.04,1
990207_00,7,1,33,2.69,13.6,1
990207_00,8,1,63,1.46,4.47,0
990207_10,0,1,105,1.3,5.39,0
990207_10,1,1,126,1.29,4.47,0
990207_10,2,0,31,4.23,16.4,3
990207_10,3,1,404,1.56,9.85,5
990207_10,4,1,205,1.26,5.0,0
990207_10,5,1,218,1.26,4.12,0
990207_10,6,0,47,6.09,17.26,4
990207_10,7,1,16,1.39,4.47,0
990207_10,8,0,31,4.69,11.18,3
990207_10,9,0,66,5.27,15.0,7
990207_12,0,1,326,1.44,13.0,2
990207_12,1,1,331,1.26,5.0,0
990207_12,2,1,103,1.29,5.83,1
990207_12,3,1,69,1.68,11.4,1
990207_12,4,1,114,1.25,4.47,0
990207_12,5,0,73,48.18,121.38,5
990207_31,0,1,548,1.28,4.47,0
990207_31,1,0,100,16.67,55.61,10
990207_31,2,1,255,1.16,3.61,0
990207_31,3,1,69,1.41,6.71,0
990207_31,4,0,77,3.9,13.0,6
990207_31,5,1,176,0.97,3.16,0
990210_30,0,1,200,1.2,5.83,0
990210_30,1,0,262,1.59,11.4,4
990210_30,2,1,391,1.25,11.4,2
990210_30,3,1,287,1.32,6.0,1
990210_30,4,1,105,1.61,6.32,3
990210_30,5,1,3,0.33,1.0,0
990210_31,0,1,375,1.22,7.62,1
990210_31,1,1,126,1.26,5.39,0
990210_31,2,1,79,1.21,5.39,0
990210_31,3,1,109,4.49,18.87,3
990210_31,4,1,284,1.27,4.12,0
990210_31,5,0,80,2.54,12.17,3
990210_31,6,1,28,0.87,2.24,0
990210_31,7,1,64,1.16,3.61,0
990210_31,8,1,33,2.76,13.89,1
990210_32,0,1,348,1.24,16.4,1
990210_32,1,1,81,1.15,3.16,0
990210_32,2,1,298,1.37,8.06,1
990210_32,3,0,298,2.01,18.03,8
990210_32,4,1,312,1.11,5.0,0
990210_32,5,1,54,1.4,3.61,0
990210_32,6,1,91,1.95,6.32,1
990210_32,7,1,44,1.49,4.47,1
990212_00,0,1,189,1.13,4.24,0
990212_00,1,1,523,1.14,8.49,1
990212_00,2,1,193,1.21,4.47,1
990212_00,3,1,43,1.1,2.83,0
990212_00,4,1,284,1.34,13.89,1
990212_00,5,0,48,3.53,10.63,4
990212_04,0,1,264,1.16,3.61,0
990212_04,1,1,174,0.95,3.61,0
990212_04,2,1,434,1.35,4.47,0
990212_04,3,1,136,1.2,4.24,0
990212_04,4,1,58,1.39,5.83,0
990212_04,5,1,156,1.78,8.49,2
990212_04,6,1,21,1.34,3.16,0
990212_22,0,1,291,1.2,5.83,1
990212_22,1,1,249,1.05,3.16,0
990212_22,2,1,278,1.24,5.39,0
990212_22,3,1,282,1.34,8.06,2
990212_22,4,1,46,1.05,3.61,0
990212_33,0,1,482,1.23,5.83,1
990212_33,1,1,393,1.3,7.62,1
990212_33,2,1,141,1.09,3.61,0
990212_33,3,1,147,1.15,4.47,0
990212_33,4,1,84,1.23,5.0,0
990212_33,5,1,7,0.57,2.0,0
990212_34,0,1,272,1.63,6.08,0
990212_34,1,1,196,1.46,6.0,2
990212_34,2,1,136,1.63,13.42,2
990212_34,3,1,417,1.28,7.62,2
990212_34,4,1,159,1.43,7.21,2
990212_34,5,1,69,1.31,4.12,0
990212_34,6,1,31,1.91,5.83,1
990212_41,0,1,237,1.33,5.39,1
990212_41,1,0,310,1.33,13.42,3
990212_41,2,1,96,1.09,3.16,0
990212_41,3,1,232,1.51,11.18,2
990212_41,4,1,332,1.33,6.71,1
990212_41,5,1,100,2.11,8.54,4
990212_41,6,1,49,1.39,4.24,0
990212_44,0,0,32,3.06,9.85,3
990212_44,1,1,73,1.32,4.47,0
990212_44,2,1,484,1.33,8.54,1
990212_44,3,1,281,1.66,5.0,1
990212_44,4,1,61,1.88,10.2,1
990212_44,5,1,220,1.32,5.39,0
990215_00,0,1,361,1.18,5.83,1
990215_00,1,1,277,1.29,4.47,0
990215_00,2,1,245,1.29,4.0,0
990215_00,3,1,230,1.17,4.12,0
990215_00,4,1,14,1.31,2.83,0
990215_00,5,1,14,1.87,4.0,0
990215_00,6,1,18,1.98,6.4,0
990215_04,0,1,184,1.05,3.16,0
990215_04,1,1,559,1.34,10.3,2
990215_04,2,1,274,1.27,5.0,0
990215_04,3,1,22,3.44,11.7,1
990215_04,4,1,154,1.04,4.12,0
990215_04,5,1,13,0.85,2.0,0
990215_10,0,1,162,1.49,5.0,0
990215_10,1,1,136,1.42,5.0,2
990215_10,2,1,351,1.28,5.83,0
990215_10,3,1,22,1.49,3.16,0
990215_10,4,1,325,1.45,6.32,1
990215_10,5,1,62,0.93,2.83,0
990215_10,6,1,113,1.41,8.06,1
990215_10,7,1,22,1.45,2.83,0
990215_33,0,1,128,2.55,12.65,6
990215_33,1,1,155,1.31,6.71,1
990215_33,2,1,372,1.38,4.12,0
990215_33,3,1,166,1.2,4.47,0
990215_33,4,1,266,1.14,4.12,0
990215_33,5,1,223,1.44,12.17,1
990215_33,6,0,144,2.35,14.42,3
990215_33,7,1,84,1.44,4.24,0
990215_33,8,1,208,1.92,11.31,3
990215_40,0,1,259,1.09,4.12,0
990215_40,1,1,388,1.3,5.0,1
990215_40,2,1,65,1.26,3.61,0
990215_40,3,1,43,1.21,4.12,0
990215_40,4,1,178,1.11,3.61,0
990215_40,5,1,228,1.23,7.21,1
990215_40,6,1,71,1.22,3.61,0
990215_40,7,1,33,1.15,5.0,0
990215_40,8,1,31,1.18,3.16,0
990215_42,0,0,107,2.6,13.42,8
990215_42,1,1,369,1.32,7.81,3
990215_42,2,0,120,4.09,14.76,11
990215_42,3,1,78,1.17,7.07,1
990215_42,4,1,117,1.13,4.47,0
990215_42,5,1,112,1.79,8.06,2
990215_42,6,1,335,1.41,5.39,1
990215_42,7,1,45,1.28,2.83,0
990215_42,8,1,47,1.05,3.16,0
990215_42,9,1,79,1.35,4.24,0
990217_14,0,0,1061,4.18,19.1,450
990217_14,1,1,34,1.08,2.83,0
990217_14,2,1,265,1.89,7.0,4
990217_14,3,1,315,1.51,7.07,0
990217_20,0,1,513,1.36,5.0,0
990217_20,1,1,23,1.1,2.24,0
990217_20,2,1,194,1.33,4.24,0
990217_20,3,1,194,1.44,5.83,0
990217_20,4,1,11,1.04,3.0,0
990217_21,0,1,330,1.66,7.07,4
990217_21,1,0,96,2.51,11.0,6
990217_21,2,0,196,2.01,11.0,5
990217_24,0,1,289,1.03,4.47,0
990217_24,1,1,326,1.24,4.12,0
990217_24,2,1,147,1.33,5.39,1
990217_24,3,0,57,2.48,10.0,3
990217_33,0,1,315,1.32,6.32,0
990217_33,1,1,86,1.37,4.47,0
990217_33,2,0,40,27.11,47.52,3
990217_41,0,1,501,1.17,4.47,0
990217_41,1,1,291,1.42,9.85,1
990217_41,2,1,35,0.94,2.0,0
990217_41,3,1,158,1.03,4.47,0
990217_41,4,1,154,1.3,3.16,0
990217_44,0,1,248,1.13,5.0,0
990217_44,1,1,357,1.48,7.62,1
990217_44,2,1,65,1.29,3.16,0
990217_44,3,1,63,1.46,4.12,0
990217_44,4,1,358,1.41,8.06,1
990217_44,5,1,209,1.18,4.12,0
990220_11,0,0,223,1.48,10.77,3
990220_11,1,1,296,1.26,5.83,0
990220_11,2,1,317,1.27,5.39,0
990220_11,3,1,123,1.51,4.47,0
990220_20,0,1,465,1.31,7.21,2
990220_20,1,1,79,1.18,2.83,0
990220_20,2,1,288,1.56,4.12,0
990220_20,3,1,153,1.04,3.16,0
990220_20,4,1,44,1.29,3.61,0
990220_20,5,1,107,1.23,4.47,0
990220_21,0,1,204,1.14,6.4,0
990220_21,1,1,131,1.03,3.16,0
990220_21,2,1,53,1.09,3.61,0
990220_31,0,1,168,1.83,22.8,1
990220_31,1,1,276,1.46,5.1,0
990220_31,2,0,199,2.19,13.04,7
990220_44,0,1,169,1.12,4.0,0
990222_31,0,1,32,1.82,8.49,1
990222_31,1,0,51,3.9,14.21,5
990222_31,2,1,552,1.25,5.0,0
990222_31,3,1,165,1.26,4.12,0
990222_31,4,1,21,3.03,9.43,1
990222_31,5,1,217,1.43,12.53,1
990222_31,6,0,33,4.73,14.76,3
990222_31,7,0,142,148.47,288.65,11
990222_40,0,1,270,1.23,4.12,0
990222_40,1,1,295,1.32,5.83,1
990222_40,2,1,43,1.37,5.66,0
990222_40,3,1,315,1.4,4.47,0
990222_40,4,1,21,3.47,17.03,1
990222_40,5,1,265,1.26,4.47,0
990222_40,6,1,48,1.39,4.47,0
990222_40,7,1,23,15.33,29.15,1
990222_40,8,1,30,2.32,7.21,0
990222_42,0,1,113,1.32,3.61,0
990222_42,1,1,103,1.15,4.47,0
990222_42,2,1,269,1.26,5.83,0
990222_42,3,1,363,1.41,6.4,1
990222_42,4,1,296,1.14,4.47,0
990222_42,5,1,63,1.35,3.61,0
990222_43,0,1,297,2.6,15.62,7
990225_00,0,1,252,1.18,5.66,0
990225_00,1,1,211,1.05,3.61,0
990225_00,2,1,247,1.02,4.47,0
990225_00,3,1,286,1.43,5.39,0
990225_02,0,1,225,1.7,12.08,1
990225_02,1,1,104,1.94,9.43,2
990225_02,2,1,204,1.5,10.0,4
990225_02,3,1,381,1.27,5.39,0
990225_02,4,1,173,1.26,4.12,0
990225_02,5,1,283,1.52,7.21,3
990225_02,6,1,249,1.73,6.4,0
990225_02,7,1,107,1.99,11.18,2
990225_02,8,1,148,1.1,3.61,0
990225_12,0,1,469,1.57,5.83,1
990225_12,1,1,322,1.33,8.94,3
990225_12,2,1,148,1.49,7.81,2
990225_12,3,1,80,2.28,12.65,2
990225_12,4,1,154,1.39,5.39,0
990225_12,5,1,54,1.34,5.39,0
990225_12,6,1,56,2.31,14.14,2
990225_12,7,1,28,1.16,2.24,0
990225_12,8,1,6,0.33,1.0,0
990225_21,0,0,262,1.99,15.0,5
990225_21,1,1,444,1.29,5.39,0
990225_21,2,1,175,1.2,4.12,1
990225_21,3,1,70,1.31,5.39,0
990225_21,4,1,324,1.35,5.0,0
990225_21,5,1,113,1.38,4.24,0
990225_21,6,1,177,1.54,5.66,0
990225_22,0,1,388,1.26,4.24,0
990225_22,1,1,212,1.34,6.32,2
990225_22,2,1,200,1.06,4.12,0
990225_22,3,1,92,1.13,4.47,0
990225_22,4,1,302,1.13,5.0,1
990225_23,0,1,284,1.3,4.47,0
990225_23,1,1,71,1.24,3.61,0
990225_23,2,1,36,1.42,3.61,0
990225_23,3,1,106,1.01,4.47,0
990225_23,4,1,106,1.24,5.0,0
990225_23,5,1,298,1.23,6.71,1
990225_31,0,1,481,1.33,7.21,2
990225_31,1,1,159,1.46,4.12,0
990225_31,2,1,145,2.05,17.46,5
990225_31,3,1,336,1.4,12.08,4
990225_31,4,1,211,1.52,11.66,2
990225_31,5,1,19,2.25,5.0,0
990225_44,0,1,192,1.44,6.32,0
990225_44,1,1,288,1.25,5.0,0
990225_44,2,1,288,1.3,5.0,0
990225_44,3,1,153,1.35,5.0,0
990225_44,4,1,20,2.23,4.47,0
990227_04,0,1,35,1.25,4.24,0
990227_04,1,1,198,1.19,7.21,2
990227_04,2,1,270,1.51,12.53,2
990227_04,3,1,44,1.39,5.39,0
990227_04,4,1,568,1.31,5.83,1
990227_04,5,1,189,1.05,5.0,0
990227_04,6,1,86,1.56,5.39,0
990227_10,0,1,99,1.43,5.0,0
990227_10,1,1,140,2.11,12.81,3
990227_10,2,1,48,1.41,3.61,0
990227_22,0,1,597,1.29,11.18,2
990227_22,1,1,209,1.23,5.39,0
990227_22,2,1,234,1.22,3.61,0
990227_22,3,1,98,1.35,6.4,0
990227_24,0,1,49,1.03,4.12,0
990227_24,1,1,513,1.26,4.12,0
990227_24,2,0,122,2.51,13.45,5
990227_24,3,1,105,1.14,3.61,0
990227_24,4,0,131,1.94,12.17,4
990227_24,5,1,35,1.35,5.66,0
990227_24,6,1,122,1.51,5.39,2
990227_24,7,1,21,1.52,5.83,0
990227_32,0,1,114,1.22,5.0,0
990227_32,1,1,328,1.48,6.32,0
990227_32,2,1,311,1.26,4.24,0
990227_32,3,0,34,4.62,17.89,3
990227_32,4,1,240,1.21,4.47,0
990227_32,5,1,34,1.1,3.61,0
990227_32,6,1,220,1.22,5.83,0
990227_33,0,1,232,1.48,7.62,1
990227_33,1,1,295,1.27,4.12,0
990227_33,2,1,333,1.17,5.1,0
990227_33,3,1,202,1.33,5.66,1
990227_33,4,1,89,1.99,5.0,0
990227_33,5,0,382,1.77,16.97,6
990227_33,6,1,81,1.41,5.0,0
990227_33,7,1,124,1.16,3.61,0
990227_33,8,1,201,1.09,5.0,0
990227_40,0,1,340,1.54,5.83,0
990227_40,1,1,192,1.14,4.47,0
990227_40,2,1,43,1.5,4.47,1
990227_40,3,1,20,1.2,3.16,0
990227_42,0,1,328,1.66,8.94,4
990227_42,1,1,76,1.6,5.39,1
990227_42,2,1,542,1.6,13.0,4
990227_42,3,1,165,1.68,7.62,2
990227_42,4,1,157,2.06,11.66,4
990227_42,5,1,46,1.25,4.47,0
990227_42,6,1,85,1.55,5.39,0
990227_42,7,1,78,1.22,5.0,1
990227_42,8,1,107,1.42,8.6,1
990227_42,9,1,50,2.35,14.42,1
990230_14,0,1,51,7.42,25.06,3
990230_14,1,1,37,1.64,4.47,0
990230_14,2,1,119,1.48,7.81,1
990230_14,3,1,28,1.03,2.24,0
990230_23,0,1,133,1.29,4.47,0
990230_23,1,1,173,1.22,4.12,0
990230_23,2,1,72,1.1,3.16,0
990230_23,3,1,114,1.76,6.32,1
990230_34,0,1,473,1.38,5.83,1
990230_34,1,1,269,1.38,4.47,1
990230_34,2,1,230,1.65,8.49,1
990230_34,3,0,128,2.27,15.65,3
990230_34,4,1,49,1.56,5.39,0
990230_34,5,1,42,1.67,5.0,0
990230_34,6,1,15,1.35,4.47,0
990230_41,0,1,200,1.43,5.0,0
990232_34,0,1,87,1.77,6.32,0
990232_34,1,1,25,1.47,4.12,0
992210_01,0,1,232,1.38,4.12,0
992210_02,0,1,69,1.76,7.07,0
992210_02,1,1,31,1.26,2.83,0
992210_30,0,1,64,3.79,16.55,1
992210_30,1,1,79,1.53,3.61,0
992212_04,0,1,379,1.31,7.62,2
992212_04,1,1,450,1.35,12.21,1
992212_04,2,1,175,1.63,6.4,0
992212_04,3,1,128,1.51,5.39,0
992212_04,4,1,117,1.07,3.16,0
992212_04,5,1,11,1.0,2.0,0
992212_10,0,1,219,1.84,5.0,0
992212_10,1,0,498,1.34,8.6,3
992212_10,2,1,226,1.32,5.39,1
992212_10,3,1,191,1.56,6.32,4
992212_10,4,1,74,2.24,9.22,3
992212_13,0,1,274,1.17,4.12,0
992212_13,1,1,181,1.31,4.12,0
992212_13,2,1,142,1.39,4.24,0
992212_13,3,1,272,1.32,3.61,0
992212_13,4,1,45,1.08,3.61,0
992212_21,0,1,27,1.62,4.47,0
992212_21,1,1,269,1.45,7.21,0
992212_21,2,1,316,1.68,12.04,5
992212_21,3,0,38,5.29,15.23,4
992212_21,4,1,176,1.05,4.12,0
992212_21,5,1,192,1.22,5.0,0
992212_21,6,1,5,4.54,9.0,0
992212_23,0,1,174,1.39,5.0,0
992212_23,1,0,284,12.75,32.45,4
992212_23,2,1,223,1.03,4.24,0
992212_23,3,1,167,1.7,5.39,3
992212_23,4,1,319,1.3,14.14,1
992212_23,5,1,47,1.28,3.61,0
992212_24,0,1,70,1.17,4.24,0
992212_30,0,1,54,1.2,3.61,0
992212_30,1,1,111,1.46,11.66,2
992212_30,2,1,285,1.2,5.39,0
992212_30,3,1,355,1.11,5.66,1
992212_30,4,1,91,1.06,4.12,0
992212_30,5,1,145,1.23,5.0,1
992212_33,0,1,161,1.19,16.28,1
992212_33,1,1,134,3.19,10.63,2
992212_33,2,1,227,1.07,5.0,0
992212_33,3,1,198,1.71,7.07,2
992212_33,4,1,74,1.35,3.61,0
992212_33,5,0,67,3.78,13.34,4
992215_02,0,1,281,1.12,5.0,0
992215_02,1,1,238,1.29,5.0,0
992215_02,2,1,92,1.31,5.83,0
992215_02,3,1,55,1.21,3.61,0
992215_02,4,1,212,1.36,5.83,0
992215_02,5,1,347,1.54,13.0,3
992215_02,6,1,13,1.81,3.61,0
992215_02,7,0,88,2.33,14.32,3
992215_10,0,1,538,1.31,12.53,1
992215_10,1,1,141,1.21,3.16,0
992215_10,2,1,49,1.33,3.61,0
992215_10,3,1,167,1.63,9.43,1
992215_10,4,1,323,1.39,12.53,5
992215_21,0,1,298,1.59,13.0,4
992215_21,1,1,292,1.22,4.47,0
992215_21,2,1,248,1.34,5.39,1
992215_21,3,1,266,1.34,5.0,0
992215_21,4,1,44,1.57,4.12,0
992215_21,5,1,41,1.09,3.16,0
992215_31,0,1,605,1.24,4.47,4
992215_31,1,1,264,1.37,4.47,0
992215_31,2,1,189,1.03,4.47,0
992215_31,3,1,60,0.83,2.0,0
992217_10,0,1,426,1.37,8.06,1
992217_10,1,1,315,1.07,4.12,0
992217_10,2,1,63,1.09,2.83,0
992217_10,3,1,14,1.16,3.61,0
992217_10,4,1,86,1.06,3.61,0
992217_10,5,1,128,1.26,4.0,0
992217_10,6,1,123,1.3,3.61,0
992217_10,7,0,149,2.27,12.37,8
992217_11,0,1,225,1.55,5.83,2
992217_11,1,1,368,1.21,6.32,1
992217_11,2,1,383,1.24,5.83,0
992217_11,3,1,60,1.35,5.0,0
992217_11,4,1,31,1.21,3.61,0
992217_11,5,1,76,1.82,8.94,3
992217_11,6,1,213,1.75,10.3,3
992217_22,0,0,615,3.92,12.04,11
992217_22,1,1,155,1.52,10.77,3
992217_22,2,1,311,1.82,12.04,2
992217_22,3,0,349,1.43,14.76,3
992217_22,4,1,45,1.23,4.47,0
992217_22,5,1,30,1.35,2.24,0
992217_22,6,1,190,1.59,6.71,2
992217_22,7,1,42,1.09,3.16,0
992217_22,8,1,33,0.88,2.24,0
992217_24,0,1,171,1.17,4.47,0
992217_24,1,1,182,1.38,11.66,2
992217_24,2,1,420,1.37,7.62,1
992217_24,3,1,366,1.25,3.61,0
992217_24,4,1,38,1.94,5.0,0
992217_24,5,1,98,1.02,3.61,0
992217_41,0,1,57,1.44,8.06,1
992217_41,1,1,371,1.83,13.0,4
992217_41,2,1,361,1.46,6.32,1
992217_41,3,1,91,1.23,5.0,0
992217_41,4,1,134,1.08,3.16,0
992217_41,5,1,93,1.12,4.12,0
992217_41,6,1,99,1.39,4.47,0
992217_41,7,1,50,1.25,3.16,0
992217_41,8,1,38,1.14,2.83,0
992217_42,0,1,397,1.45,9.85,2
992217_42,1,1,33,1.3,4.47,0
992217_42,2,1,117,1.55,4.12,0
992217_42,3,1,296,1.41,8.0,0
992217_42,4,1,60,1.39,4.47,0
992217_42,5,1,76,1.38,5.0,0
992217_42,6,1,158,1.27,5.0,0
992217_42,7,1,25,1.28,4.12,0
992217_42,8,1,68,1.44,3.61,0
992217_43,0,1,129,1.63,11.18,1
992217_43,1,1,272,1.37,12.81,2
992217_43,2,1,443,1.16,3.61,0
992217_43,3,1,162,1.22,5.0,0
992217_43,4,1,163,1.69,7.81,2
992217_43,5,1,48,1.59,5.83,0
992220_01,0,1,266,1.49,5.39,0
992220_01,1,1,261,1.44,5.0,0
992220_10,0,1,55,1.05,2.83,0
992220_10,1,1,88,1.43,4.12,0
992220_12,0,1,118,1.21,5.0,1
992220_12,1,1,211,1.14,6.32,0
992220_12,2,1,118,1.34,4.24,0
992220_13,0,1,348,1.7,10.3,1
992220_13,1,1,350,1.24,5.0,0
992220_13,2,1,111,1.12,3.16,0
992220_13,3,1,98,1.56,4.47,0
992220_13,4,1,60,1.37,5.0,0
992220_13,5,1,72,0.86,3.16,0
992220_13,6,1,78,1.09,2.83,0
992220_13,7,1,63,1.49,3.61,0
992220_14,0,1,65,1.26,4.12,0
992220_14,1,1,291,1.19,5.39,0
992220_14,2,0,145,4.05,14.56,17
992220_14,3,1,116,1.52,5.83,1
992220_14,4,1,116,1.51,7.21,2
992220_14,5,1,105,1.4,4.12,0
992220_40,0,1,36,1.2,5.0,0
992220_40,1,1,182,1.95,13.42,3
992220_43,0,0,303,1.44,13.42,5
992220_43,1,1,244,1.89,11.18,6
992220_43,2,1,245,1.24,4.24,0
992220_43,3,1,203,1.18,3.16,0
992220_43,4,0,167,1.66,12.04,4
992220_43,5,1,277,1.3,5.39,0
992220_43,6,1,36,1.83,8.0,1
992220_43,7,1,46,1.12,4.24,0
992220_43,8,1,17,1.75,4.12,0
992222_03,0,1,244,1.74,6.4,4
992222_03,1,1,214,1.36,5.0,1
992222_23,0,1,380,1.53,8.25,7
992222_23,1,1,311,1.19,5.39,0
992222_31,0,1,25,1.99,5.0,0
992222_31,1,1,58,1.68,6.4,0
992222_32,0,1,258,1.0,4.24,0
992222_32,1,1,316,1.25,4.47,0
992222_41,0,1,90,1.23,4.0,0
992222_41,1,1,39,1.37,3.16,0
992222_41,2,1,261,1.7,16.55,2
992222_41,3,1,7,1.03,2.24,0
992222_41,4,1,7,1.03,2.24,0
992222_41,5,1,2,0.5,1.0,0
992222_44,0,0,345,1.48,14.14,3
992222_44,1,1,90,1.47,4.47,0
992222_44,2,1,14,1.12,3.16,0
992222_44,3,1,122,1.66,4.24,0
992222_44,4,1,363,1.61,12.81,2
992222_44,5,1,125,0.99,3.61,0
992222_44,6,1,55,1.68,5.83,0
992222_44,7,1,87,0.87,3.16,0
992225_00,0,1,280,1.5,11.66,1
992225_00,1,1,339,1.39,7.81,2
992225_00,2,1,302,1.35,5.39,1
992225_00,3,1,262,1.42,9.43,4
992225_00,4,1,111,1.6,6.0,0
992225_00,5,0,35,3.99,10.63,3
992225_00,6,0,661,567.8,711.72,47
992225_00,7,1,57,1.47,3.61,0
992225_00,8,1,15,2.22,5.39,0
992225_00,9,0,37,5.53,20.62,3
992225_01,0,1,299,1.49,5.83,0
992225_01,1,1,114,1.18,4.24,0
992225_01,2,1,151,1.37,6.32,0
992225_01,3,1,297,1.54,6.32,0
992225_01,4,1,43,2.02,12.04,1
992225_01,5,1,71,1.27,4.12,0
992225_02,0,1,202,1.52,11.18,3
992225_02,1,0,188,1.78,14.76,3
992225_02,2,1,291,1.16,4.12,0
992225_02,3,1,17,1.34,3.0,0
992225_02,4,1,55,1.61,5.39,0
992225_10,0,1,601,1.31,5.39,0
992225_10,1,1,239,1.57,17.0,1
992225_10,2,1,225,1.19,5.0,0
992225_10,3,1,85,1.04,3.61,0
992225_10,4,1,37,3.94,8.49,2
992225_10,5,0,663,676.03,864.04,52
992225_21,0,1,108,1.26,5.66,1
992225_21,1,1,307,1.45,5.83,1
992225_21,2,1,224,1.69,13.0,4
992225_21,3,0,208,2.63,14.76,8
992225_21,4,1,229,1.31,4.12,0
992225_21,5,1,191,0.92,3.61,0
992225_30,0,1,465,1.42,10.82,1
992225_30,1,1,49,1.21,4.12,0
992225_30,2,1,133,1.27,5.66,0
992225_30,3,1,167,1.38,4.47,0
992225_30,4,1,272,1.44,6.71,1
992227_01,0,1,210,1.65,12.21,3
992227_01,1,1,424,1.29,5.0,0
992227_01,2,1,104,1.19,4.12,0
992227_01,3,1,157,1.49,10.3,1
992227_01,4,1,5,0.4,1.0,0
992227_04,0,1,437,1.36,11.31,4
992227_04,1,1,33,1.67,4.47,0
992227_04,2,1,193,1.26,6.32,1
992227_04,3,1,194,1.15,4.47,0
992227_04,4,1,349,1.29,5.39,0
992227_04,5,1,107,1.31,4.47,0
992227_12,0,0,233,1.54,17.2,3
992227_12,1,0,282,2.2,17.0,11
992227_12,2,1,5,1.05,2.24,0
992227_12,3,0,41,4.69,17.0,4
992227_12,4,1,187,1.28,4.24,0
992227_12,5,0,241,133.07,186.94,23
992227_13,0,1,286,1.07,7.07,0
992227_13,1,1,119,1.11,4.24,0
992227_13,2,1,269,1.24,10.63,1
992227_13,3,1,120,2.37,10.82,4
992227_13,4,1,29,1.11,3.16,0
992227_13,5,1,10,2.02,4.47,0
992227_14,0,0,691,1.81,12.81,57
992227_14,1,1,246,1.41,7.62,1
992227_14,2,1,209,1.54,4.47,0
992227_14,3,1,225,1.07,4.47,0
992227_14,4,1,28,2.3,7.62,0
992227_20,0,1,133,1.4,8.6,1
992227_20,1,0,135,2.62,14.87,4
992227_20,2,1,85,1.23,5.66,0
992227_20,3,1,314,1.24,7.81,1
992227_20,4,1,103,1.88,9.85,4
992227_21,0,1,76,1.38,5.0,0
992227_21,1,1,120,1.19,4.12,0
992227_21,2,1,11,2.36,5.83,0
992227_21,3,1,91,1.05,3.61,0
992227_21,4,1,21,1.92,3.61,0
992227_23,0,0,135,2.11,9.22,4
992227_23,1,1,349,1.23,5.0,0
992227_23,2,1,59,1.31,5.66,0
992227_23,3,1,273,1.23,5.1,1
992227_23,4,1,20,1.57,3.61,0
992227_40,0,1,322,1.23,7.81,3
992227_40,1,1,157,1.3,3.61,0
992227_40,2,1,98,0.91,3.16,0
992227_40,3,1,75,1.15,3.61,0
992227_40,4,1,117,1.57,5.83,0
992227_40,5,1,30,1.24,3.61,0
992227_40,6,1,69,1.64,5.0,1
992227_40,7,0,84,6.27,15.81,10
992227_41,0,1,511,1.3,5.0,0
992227_41,1,1,93,1.73,5.39,0
992227_41,2,1,17,2.74,5.39,0
992227_41,3,1,39,1.23,3.61,0
992227_41,4,1,117,1.36,3.16,0
992227_41,5,0,63,4.65,15.0,8
992227_41,6,1,141,1.26,3.61,0
992227_41,7,1,274,1.35,6.32,1
992230_00,0,0,312,2.59,17.69,3
992230_00,1,1,221,1.74,13.42,4
992230_00,2,1,233,1.37,4.47,0
992230_00,3,1,290,1.4,5.0,0
992230_00,4,1,69,1.51,4.47,0
992230_00,5,1,34,1.85,5.39,0
992230_00,6,1,12,4.81,9.49,0
992230_03,0,1,191,1.37,5.1,0
992230_03,1,1,239,1.21,6.32,0
992230_03,2,1,556,1.43,5.66,0
992230_03,3,1,115,1.17,4.12,0
992230_04,0,1,174,1.43,3.61,0
992230_04,1,1,365,1.32,4.24,0
992230_04,2,1,104,1.31,5.83,0
992230_04,3,1,135,1.48,4.12,0
992230_04,4,1,97,1.12,3.61,0
992230_11,0,1,321,1.24,6.71,1
992230_11,1,1,284,2.32,13.0,9
992230_11,2,1,245,1.15,5.39,0
992230_11,3,0,56,5.02,16.76,5
992230_11,4,1,287,1.37,6.71,2
992230_11,5,1,214,1.53,5.39,2
992230_11,6,1,193,1.34,4.12,0
992230_11,7,1,79,1.18,3.16,0
992230_11,8,1,27,1.59,5.0,1
992230_11,9,0,51,4.38,17.49,3
992230_11,10,1,45,4.42,18.68,2
992230_22,0,1,285,1.6,9.22,2
992230_22,1,1,68,1.16,3.61,0
992230_22,2,1,114,1.49,5.39,0
992230_22,3,1,448,1.32,5.39,0
992230_22,4,1,135,0.92,2.83,0
992230_22,5,1,120,1.03,4.47,0
992230_24,0,1,74,1.61,7.07,1
992230_24,1,1,486,1.58,11.4,5
992230_24,2,1,323,1.59,5.39,0
992230_24,3,1,126,1.97,12.08,4
992230_24,4,1,60,1.14,3.61,0
992230_24,5,1,12,11.45,15.65,0
992230_24,6,0,137,2.27,11.18,7
992230_24,7,1,122,1.25,4.12,0
992230_24,8,0,55,6.2,15.0,8
992230_30,0,1,243,1.49,5.83,1
992230_30,1,1,172,1.64,12.53,1
992230_30,2,1,166,1.51,7.21,2
992230_30,3,1,235,1.31,5.39,1
992230_30,4,1,86,1.25,6.71,1
992230_30,5,1,48,1.49,5.39,0
992230_30,6,0,37,3.23,7.21,3
992230_30,7,1,421,1.09,4.12,0
992230_30,8,1,23,1.09,2.24,0
992230_31,0,1,148,1.45,4.0,0
992230_31,1,1,239,1.32,5.39,0
992230_31,2,1,465,1.26,5.39,0
992230_31,3,0,152,2.44,13.34,3
992230_31,4,1,84,1.59,4.24,0
992230_31,5,1,191,1.38,5.0,0
992230_31,6,0,49,3.21,14.76,3
992230_31,7,0,45,3.52,14.14,3
992230_40,0,1,269,1.24,3.61,0
992230_40,1,1,89,1.6,4.24,0
992230_40,2,1,250,1.55,8.06,1
992230_40,3,1,214,1.68,11.18,3
992230_40,4,0,67,2.63,12.65,3
992230_40,5,1,155,0.99,5.83,0
992230_40,6,1,54,1.22,3.61,0
992230_40,7,1,373,1.44,10.82,2
992230_40,8,1,84,2.15,13.89,1
992230_40,9,1,25,1.24,3.61,0
992230_40,10,1,180,1.15,3.61,0
992230_43,0,0,402,1.58,15.81,5
992230_43,1,1,112,1.14,5.0,0
992230_43,2,1,171,1.61,10.0,3
992230_43,3,1,466,1.42,9.43,2
992230_43,4,1,46,3.09,11.4,4
992230_43,5,1,97,1.09,3.61,0
992230_43,6,0,68,3.69,13.45,5
992232_03,0,1,262,1.26,5.0,0
992232_03,1,1,451,1.53,12.21,3
992232_03,2,1,212,1.21,4.24,0
992232_03,3,1,226,2.18,23.0,4
992232_03,4,1,118,1.25,3.61,0
992232_03,5,0,39,4.42,12.73,3
992232_10,0,1,31,1.37,3.61,0
992232_11,0,1,284,1.03,5.39,1
992232_11,1,1,280,1.67,4.47,0
992232_11,2,1,278,1.2,5.0,0
992232_11,3,1,258,1.14,6.71,3
992232_14,0,1,75,1.15,3.61,0
992232_14,1,1,11,1.35,2.24,0
992232_14,2,0,270,2.13,17.72,6
992232_14,3,1,154,1.01,4.12,0
992232_14,4,1,21,2.5,8.54,0
992232_14,5,1,94,1.19,6.71,0
992232_14,6,1,276,0.99,3.16,0
992232_21,0,1,91,0.86,3.16,0
992232_21,1,1,68,1.13,3.16,0
992232_21,2,1,126,2.33,10.0,3
992232_21,3,1,159,1.3,3.61,0
992232_33,0,1,372,1.15,7.07,1
992232_33,1,0,104,2.67,14.56,4
992232_33,2,0,67,2.69,15.81,3
992232_33,3,0,67,3.11,14.32,3
992232_33,4,1,87,1.31,5.0,0
992232_33,5,1,165,1.2,3.61,0
992232_41,0,1,82,2.55,6.08,0
992232_41,1,0,192,59.32,100.5,7
992232_41,2,1,158,1.31,4.47,0
992232_41,3,1,403,1.25,6.4,0
992232_41,4,1,95,1.07,4.12,0
992232_41,5,1,113,10.04,16.16,0
992232_41,6,1,126,1.32,5.39,0
992232_41,7,0,189,1.76,15.0,3
992232_42,0,0,254,1.8,15.0,4
992232_42,1,1,300,1.22,3.61,0
992232_42,2,1,251,1.44,5.0,0
992232_42,3,1,49,2.64,13.34,3
992232_42,4,1,264,1.98,10.05,4
992232_42,5,1,262,1.35,7.62,1
992232_42,6,1,243,1.18,4.12,0
992232_42,7,1,90,1.28,6.32,2
992232_42,8,1,21,1.57,3.16,0
992232_42,9,1,3,0.0,0.0,0
992235_13,0,1,250,1.37,7.07,1
992235_13,1,1,158,1.7,10.3,2
992235_13,2,0,85,2.95,9.85,8
992235_13,3,1,203,1.59,14.14,2
992235_13,4,1,3,0.33,1.0,0
992235_23,0,1,279,1.4,4.12,0
992235_23,1,1,273,1.09,3.61,0
992235_23,2,1,279,0.98,4.0,0
992235_23,3,1,284,1.24,4.47,0
992235_23,4,1,284,1.12,4.47,1
992235_23,5,1,82,1.29,4.0,0
992235_32,0,1,289,1.21,4.12,0
992235_32,1,1,252,1.56,7.21,2
992235_32,2,1,182,1.26,3.61,0
992235_32,3,1,96,1.83,12.21,2
992235_32,4,1,75,2.44,16.12,2
992235_32,5,1,142,1.2,5.0,0
992235_44,0,1,364,1.29,10.3,1
992235_44,1,1,265,1.59,13.42,3
992235_44,2,1,311,1.23,11.18,1
992235_44,3,1,228,1.16,5.0,0
992235_44,4,1,54,1.02,2.83,0
992235_44,5,1,26,1.88,4.0,0
995210_13,0,1,386,1.57,7.28,2
995210_13,1,0,129,2.24,13.15,3
995210_13,2,1,327,1.44,6.32,1
995210_13,3,1,79,1.06,4.0,0
995210_22,0,1,307,1.45,12.65,2
995210_22,1,1,169,1.21,4.0,0
995210_22,2,1,272,1.29,4.12,0
995210_31,0,1,201,1.44,5.0,0
995210_31,1,1,106,1.22,5.0,0
995210_31,2,1,53,5.23,22.47,2
995210_33,0,1,304,1.78,10.2,3
995210_33,1,1,91,1.38,5.83,0
995210_33,2,1,341,1.31,4.0,0
995210_33,3,1,151,1.3,5.0,0
995210_33,4,1,98,1.66,4.47,1
995210_33,5,1,86,1.3,5.0,0
995210_40,0,1,127,3.87,15.0,5
995210_40,1,1,159,1.83,11.0,3
995210_40,2,1,23,1.23,3.61,0
995210_42,0,1,289,1.53,7.07,1
995210_42,1,1,173,1.49,5.0,0
995210_42,2,1,256,1.71,5.39,3
995210_42,3,1,462,1.45,5.1,0
995210_42,4,1,53,1.77,5.83,1
995210_42,5,1,143,1.42,5.83,0
995210_43,0,1,256,1.11,4.12,0
995210_43,1,1,259,1.52,4.0,0
995210_43,2,1,16,1.19,3.16,0
995210_43,3,1,255,0.99,4.12,0
995210_43,4,1,162,1.41,4.47,0
995210_43,5,1,44,1.24,4.0,0
995212_12,0,1,140,1.68,4.12,0
995212_44,0,1,212,1.23,4.0,0
995212_44,1,1,38,1.42,4.0,0
995215_00,0,0,275,3.78,46.52,7
995215_00,1,1,117,1.7,14.32,1
995215_00,2,1,68,1.41,4.12,0
995215_00,3,1,316,1.26,3.61,0
995215_00,4,1,34,1.55,4.24,0
995215_00,5,1,114,1.7,5.83,3
995215_00,6,1,124,1.24,3.61,0
995215_00,7,1,82,0.87,2.83,0
995215_00,8,1,72,1.31,4.12,0
995215_00,9,0,36,4.09,8.94,3
995215_02,0,1,264,1.51,5.0,1
995215_02,1,1,244,1.18,5.39,1
995215_02,2,1,103,1.45,5.39,0
995215_02,3,1,228,1.07,5.39,0
995215_02,4,1,388,1.7,13.04,9
995215_12,0,1,20,1.87,5.39,0
995215_12,1,0,124,3.94,14.14,4
995215_12,2,1,96,0.97,4.24,0
995215_12,3,1,94,1.62,6.4,0
995215_12,4,1,59,1.59,4.12,0
995215_12,5,1,57,1.44,3.61,0
995215_12,6,1,2,1.0,2.0,0
995215_34,0,1,167,1.21,5.0,0
995215_34,1,0,174,2.08,17.0,3
995215_34,2,1,194,1.87,12.53,2
995215_34,3,1,206,1.01,3.16,0
995217_00,0,1,228,1.11,3.61,0
995217_00,1,1,287,1.21,5.83,0
995217_00,2,1,383,1.18,5.66,1
995217_00,3,1,181,1.22,5.0,0
995217_00,4,1,122,1.59,8.06,2
995217_04,0,1,63,1.27,4.47,0
995217_04,1,1,333,1.52,7.21,3
995217_04,2,1,154,1.08,2.83,0
995217_04,3,1,291,1.49,4.24,0
995217_04,4,1,116,1.53,5.39,0
995217_04,5,1,7,0.98,1.41,0
995217_04,6,1,23,1.14,2.83,0
995217_12,0,1,231,1.45,6.4,1
995217_12,1,1,223,1.27,3.61,0
995217_12,2,0,260,1.62,12.0,3
995217_12,3,1,187,1.11,5.0,0
995217_12,4,0,340,532.67,988.36,15
995217_12,5,1,23,1.17,3.0,0
995217_14,0,1,419,1.36,5.39,0
995217_14,1,1,206,1.23,3.61,0
995217_14,2,1,253,1.19,4.12,0
995217_14,3,1,153,1.17,4.47,0
995217_14,4,1,151,1.43,5.0,0
995217_14,5,1,41,1.28,3.16,0
995217_14,6,1,8,1.0,2.0,0
995217_22,0,1,289,1.48,9.43,2
995217_22,1,1,240,1.15,5.0,0
995217_22,2,1,240,1.12,5.39,1
995217_22,3,1,354,1.47,5.66,0
995217_22,4,0,32,6.23,18.03,3
995217_22,5,1,99,1.49,6.0,0
995217_22,6,0,45,5.55,22.36,4
995217_22,7,1,32,4.88,16.4,3
995217_23,0,1,178,1.02,3.16,0
995217_23,1,1,136,1.27,5.0,0
995217_23,2,1,282,1.35,4.12,0
995217_23,3,1,66,1.04,2.83,0
995217_23,4,1,290,1.14,4.47,0
995217_24,0,1,239,1.2,5.0,0
995217_24,1,1,199,1.23,4.24,0
995217_24,2,1,32,1.05,2.24,0
995217_24,3,0,222,1.8,13.42,3
995217_24,4,1,395,1.45,5.39,0
995217_24,5,1,93,1.44,5.39,0
995217_30,0,1,423,1.27,10.82,1
995217_30,1,1,54,1.8,12.04,1
995217_30,2,1,302,1.69,7.21,0
995217_30,3,0,243,1.48,13.89,3
995217_30,4,1,165,1.11,3.16,0
995217_30,5,1,153,1.37,9.43,1
995217_31,0,1,350,1.49,10.77,2
995217_31,1,1,294,2.24,12.08,7
995217_31,2,1,64,1.26,5.39,0
995217_31,3,1,30,1.23,3.61,0
995217_31,4,1,206,1.7,10.3,3
995217_31,5,1,58,1.49,4.24,0
995217_31,6,1,159,1.33,5.39,0
995217_31,7,0,103,95.76,201.26,9
995217_31,8,0,36,9.53,22.14,3
995217_32,0,1,136,1.0,4.12,0
995217_32,1,1,521,1.32,5.39,0
995217_32,2,1,107,1.16,3.61,0
995217_32,3,1,318,1.5,5.39,1
995217_32,4,1,16,2.06,5.0,0
995217_32,5,1,12,2.59,4.24,0
995217_32,6,1,50,1.04,3.61,0
995217_41,0,1,149,1.53,10.3,1
995217_41,1,1,346,1.23,4.47,0
995217_41,2,1,356,1.45,6.71,1
995217_41,3,1,149,1.54,5.0,0
995217_41,4,1,180,1.13,4.12,0
995217_41,5,0,36,13.69,28.43,3
995217_41,6,0,144,1.95,16.97,3
995217_41,7,1,59,2.99,8.06,4
995220_11,0,1,185,1.58,11.7,2
995220_11,1,1,191,1.34,4.47,0
995220_11,2,1,327,1.28,4.47,0
995220_11,3,1,380,1.13,4.47,0
995220_11,4,1,127,1.23,3.61,0
995220_11,5,1,118,1.06,3.16,0
995220_12,0,1,316,1.34,4.12,1
995220_12,1,1,150,1.65,13.42,2
995220_12,2,1,376,1.33,5.83,0
995220_12,3,1,206,1.69,12.0,4
995220_12,4,1,155,1.11,4.24,0
995220_12,5,1,181,1.53,12.08,2
995220_13,0,1,201,1.0,5.0,0
995220_13,1,1,243,1.75,7.21,1
995220_13,2,1,253,1.3,5.39,0
995220_13,3,1,330,1.52,11.66,4
995220_33,0,1,143,1.65,9.43,2
995220_33,1,1,40,1.17,2.83,0
995220_33,2,1,521,1.35,6.71,0
995220_33,3,1,328,1.6,7.21,1
995220_33,4,0,119,2.28,10.77,4
995220_33,5,1,111,1.45,4.47,0
995220_33,6,1,27,2.32,5.83,0
995220_34,0,1,407,1.49,10.63,2
995220_34,1,0,82,2.97,14.21,4
995220_34,2,1,144,1.18,4.47,0
995220_34,3,1,175,1.28,4.47,0
995220_34,4,1,268,1.14,4.47,0
995220_34,5,1,55,1.14,2.83,0
995220_34,6,1,35,1.88,7.0,1
995220_34,7,1,17,1.71,5.39,0
995220_34,8,0,248,121.03,266.13,22
995220_34,9,1,65,4.45,17.46,7
995220_41,0,1,280,1.23,4.12,0
995220_41,1,1,40,1.61,6.71,1
995220_41,2,1,187,1.52,5.39,0
995220_41,3,1,325,1.51,7.21,1
995220_41,4,1,148,1.65,5.0,0
995220_41,5,1,32,1.53,4.12,0
995220_41,6,1,23,1.59,4.47,0
995220_44,0,0,247,1.84,14.76,4
995220_44,1,0,40,7.99,21.84,3
995220_44,2,1,250,1.72,14.76,1
995220_44,3,1,79,1.42,5.39,0
995220_44,4,1,456,1.15,6.4,1
995220_44,5,1,197,1.34,5.0,0
995220_44,6,0,98,3.14,14.32,7
995220_44,7,1,43,2.97,14.04,2
995220_44,8,0,38,31.47,63.32,3
995222_01,0,1,113,0.9,2.83,0
995222_01,1,1,377,1.3,5.0,0
995222_01,2,1,484,1.35,5.83,1
995222_01,3,1,314,1.56,4.12,0
995222_01,4,1,30,1.25,4.24,0
995222_01,5,1,172,1.12,4.12,0
995222_04,0,1,401,1.28,4.24,0
995222_04,1,1,131,1.48,7.21,0
995222_04,2,1,172,1.21,3.61,0
995222_04,3,1,25,3.17,15.62,1
995222_04,4,1,227,1.41,7.28,1
995222_04,5,1,265,1.68,6.32,0
995222_04,6,1,61,1.16,2.83,0
995222_04,7,1,31,1.35,5.0,0
995222_10,0,1,301,1.4,12.04,1
995222_10,1,1,222,1.1,7.21,1
995222_10,2,1,194,1.4,13.42,1
995222_10,3,1,283,0.98,3.61,0
995222_12,0,1,173,1.11,3.16,0
995222_12,1,1,580,1.55,6.71,1
995222_12,2,1,22,1.7,6.0,0
995222_12,3,0,265,1.97,12.53,6
995222_12,4,1,70,1.06,3.61,0
995222_12,5,1,290,1.36,5.0,0
995222_12,6,1,9,1.34,2.83,0
995222_14,0,1,277,1.65,6.71,0
995222_14,1,1,196,1.32,6.71,0
995222_14,2,1,490,1.28,5.0,0
995222_14,3,1,220,1.46,7.62,2
995222_14,4,1,59,1.67,5.39,0
995222_14,5,1,59,1.4,5.0,1
995222_20,0,1,76,1.9,13.0,2
995222_20,1,1,509,1.18,5.39,0
995222_20,2,1,325,1.39,16.55,1
995222_20,3,1,156,1.09,4.12,0
995222_20,4,1,22,1.4,4.12,0
995222_20,5,1,116,1.17,3.0,0
995222_21,0,1,192,1.23,6.32,1
995222_21,1,1,324,1.23,5.0,0
995222_21,2,1,411,1.2,7.07,1
995222_21,3,1,198,1.39,4.47,0
995222_21,4,1,91,1.49,7.21,1
995222_22,0,0,238,1.85,13.42,5
995222_22,1,0,394,1.85,10.63,8
995222_22,2,1,260,1.4,4.12,0
995222_22,3,1,282,1.21,5.39,0
995222_22,4,1,36,2.22,12.04,2
995222_22,5,1,269,1.37,5.0,1
995222_22,6,0,245,1.72,14.76,3
995222_22,7,1,56,1.59,5.39,1
995222_23,0,0,388,1.54,12.53,4
995222_23,1,1,325,1.55,10.3,6
995222_23,2,1,236,1.46,11.66,2
995222_23,3,1,98,1.28,4.0,0
995222_23,4,1,232,1.13,4.47,0
995222_23,5,1,25,1.01,2.83,0
995222_33,0,1,130,1.2,4.12,0
995222_33,1,1,293,1.51,5.39,0
995222_33,2,1,148,1.29,4.0,0
995222_33,3,1,552,1.57,10.3,5
995222_33,4,1,18,1.35,3.16,0
995222_43,0,1,169,1.21,4.12,0
995222_43,1,1,436,1.7,13.0,3
995222_43,2,1,234,1.34,6.32,1
995222_43,3,0,297,1.51,13.42,5
995222_43,4,1,23,1.96,6.4,0
995222_43,5,1,132,0.98,4.12,0
995225_02,0,1,279,1.19,4.0,0
995225_02,1,1,296,1.08,3.61,0
995225_03,0,1,112,1.26,7.21,1
995225_03,1,1,160,1.11,3.16,0
995225_14,0,1,90,1.41,5.0,0
995225_14,1,1,67,1.29,4.47,0
995225_14,2,1,138,1.65,7.07,0
995225_14,3,1,369,1.63,10.77,5
995225_14,4,1,185,1.29,3.61,0
995225_14,5,1,63,1.88,11.66,1
995225_23,0,1,119,1.45,8.94,3
995225_23,1,1,271,1.1,4.24,0
995225_23,2,1,394,1.62,12.08,4
995225_23,3,1,152,1.59,9.85,2
995225_23,4,1,26,1.28,3.16,0
995225_23,5,1,65,0.99,2.24,0
995225_23,6,1,28,0.79,2.24,0
995225_23,7,1,50,1.23,3.61,0
995225_31,0,1,114,1.26,5.66,1
995225_31,1,1,62,1.67,6.32,0
995225_41,0,1,293,1.02,4.12,0
995225_41,1,1,183,1.16,3.61,0
995225_41,2,1,297,1.11,5.39,0
995225_41,3,0,293,1.53,12.08,4
995225_41,4,1,169,1.48,5.39,1
995225_43,0,1,387,1.44,10.3,3
995225_43,1,1,334,1.47,13.0,1
995225_43,2,1,66,0.95,5.0,0
995225_43,3,1,139,1.27,5.0,0
995225_43,4,1,102,1.31,3.61,0
995225_43,5,1,89,1.59,12.08,1
995225_43,6,1,156,1.42,7.07,2
995225_43,7,1,29,1.63,4.12,0
995225_43,8,1,53,1.87,7.62,1
995227_00,0,1,209,1.56,13.42,3
995227_00,1,1,216,1.37,6.32,0
995227_00,2,1,293,1.17,4.12,0
995227_00,3,1,24,1.31,4.0,0
995227_11,0,1,201,2.37,7.21,3
995227_11,1,1,153,1.97,12.53,1
995227_24,0,1,46,1.26,6.4,0
995227_42,0,1,102,0.77,2.83,0
995227_42,1,1,144,0.96,2.83,0
995227_43,0,1,233,1.63,12.08,3
995227_43,1,1,177,1.02,5.0,0
995227_43,2,1,67,1.41,4.0,0
995227_43,3,1,21,1.62,4.12,0
995230_01,0,1,365,1.54,13.42,3
995230_01,1,1,107,1.15,3.61,0
995230_01,2,1,87,1.33,5.0,0
995230_01,3,1,68,1.51,5.0,0
995230_01,4,1,59,2.08,11.18,2
995230_04,0,1,289,1.62,8.06,5
995230_04,1,1,174,1.5,4.12,0
995230_04,2,1,311,1.33,4.12,0
995230_04,3,1,106,1.4,5.0,0
995230_04,4,0,240,2.25,12.08,8
995230_04,5,1,196,1.45,10.0,1
995230_04,6,1,61,1.58,5.83,1
995230_04,7,1,45,2.04,12.08,1
995230_14,0,1,160,1.65,10.3,2
995230_14,1,1,54,2.51,11.0,1
995230_14,2,1,339,1.27,5.39,1
995230_14,3,0,80,3.63,11.66,4
995230_14,4,1,60,1.97,7.62,1
995230_14,5,1,218,1.58,4.12,0
995230_14,6,1,14,1.03,2.83,0
995230_14,7,1,96,2.39,17.0,2
995230_14,8,1,73,1.5,5.0,0
995230_14,9,1,6,1.91,3.0,0
995230_14,10,1,30,1.51,5.83,1
995230_14,11,1,46,1.79,5.39,0
995230_14,12,0,52,9.84,34.0,3
995230_21,0,1,610,1.95,12.08,15
995230_21,1,1,50,1.42,4.12,0
995230_21,2,1,317,1.5,7.28,2
995230_21,3,1,115,1.63,6.32,0
995230_21,4,1,136,1.67,7.62,2
995230_21,5,1,73,1.35,3.61,0
995230_21,6,1,14,2.36,5.0,0
995230_21,7,1,23,0.98,4.24,0
995230_21,8,0,648,4.34,21.95,18
995230_21,9,1,84,1.03,3.61,0
995230_21,10,1,11,0.79,2.24,0
995230_24,0,0,180,2.16,12.65,6
995230_24,1,1,175,1.24,6.0,1
995230_24,2,1,553,1.56,13.0,3
995230_24,3,1,233,1.62,10.0,4
995230_24,4,1,149,1.09,4.12,0
995230_24,5,1,12,1.97,4.12,0
995230_24,6,0,104,4.32,27.2,3
995230_24,7,1,25,14.2,21.93,0
995230_24,8,1,138,1.72,10.3,3
995230_24,9,1,33,1.5,5.0,0
995230_43,0,1,311,1.59,5.0,0
995230_43,1,1,479,1.34,5.0,0
995230_43,2,0,114,3.03,13.42,5
995230_43,3,1,155,1.44,7.21,1
995230_43,4,1,37,1.89,5.66,0
995230_43,5,1,106,8.22,40.0,2
995230_44,0,1,85,1.36,4.47,0
995230_44,1,0,105,2.23,12.53,3
995230_44,2,1,426,1.33,7.0,1
995230_44,3,1,520,1.35,5.0,1
995230_44,4,1,490,2.04,11.18,16
995230_44,5,1,60,1.87,6.0,0
995230_44,6,1,128,1.61,5.0,0
995230_44,7,1,92,1.5,10.63,1
995230_44,8,0,64,3.21,15.23,3
995232_01,0,1,137,1.63,8.94,2
995232_01,1,1,442,1.22,4.12,0
995232_01,2,1,222,1.34,6.4,1
995232_01,3,1,239,1.2,5.0,0
995232_01,4,1,207,1.43,9.49,2
995232_01,5,1,62,1.7,6.71,1
995232_04,0,1,472,1.32,13.89,3
995232_04,1,1,280,1.39,4.47,0
995232_04,2,1,73,1.81,6.71,1
995232_04,3,1,135,1.26,5.0,0
995232_04,4,1,133,1.23,4.47,0
995232_04,5,1,32,1.18,2.24,0
995232_04,6,1,116,1.52,3.16,0
995232_04,7,1,9,1.28,2.0,0
995232_24,0,1,182,1.3,10.3,1
995232_24,1,1,138,1.16,4.47,0
995232_24,2,0,269,1.79,11.05,5
995232_24,3,1,144,1.4,4.12,1
995232_24,4,1,136,1.17,3.61,0
995232_24,5,0,86,2.17,11.18,4
995232_24,6,1,213,1.34,3.61,0
995232_24,7,1,134,1.5,5.0,0
995232_32,0,1,528,1.3,8.54,1
995232_32,1,1,182,1.08,3.61,0
995232_32,2,1,330,1.46,8.94,1
995232_32,3,1,153,1.52,5.39,0
995232_32,4,1,27,1.78,5.0,0
995232_32,5,1,29,3.18,17.69,1
995232_32,6,1,11,6.23,19.24,1
995232_34,0,1,44,2.26,7.07,0
995232_34,1,0,72,2.7,12.73,4
995232_34,2,1,113,1.32,6.32,0
995232_34,3,1,177,1.35,11.66,1
995232_34,4,1,167,1.39,5.0,0
995232_34,5,0,217,2.03,13.34,7
995232_34,6,1,333,1.16,4.12,0
995232_34,7,1,153,1.26,4.47,1
995232_44,0,1,429,1.36,5.66,1
995232_44,1,1,293,1.05,5.0,1
995232_44,2,1,208,1.56,4.47,0
995232_44,3,0,120,2.62,17.26,5
995232_44,4,1,149,1.2,6.32,0
995232_44,5,1,50,1.17,4.0,0
995235_03,0,1,224,1.28,5.39,1
995235_03,1,1,439,1.36,5.39,1
995235_03,2,1,242,1.22,4.47,0
995235_13,0,1,210,1.49,10.3,0
995235_13,1,1,109,1.33,4.12,0
995235_13,2,1,32,0.8,2.0,0
995235_13,3,1,6,0.87,2.24,0
995235_14,0,1,95,1.32,4.12,0
995235_14,1,1,277,1.42,7.0,1
995235_14,2,1,412,1.74,15.0,4
995235_14,3,1,164,1.09,6.32,1
995235_14,4,1,158,1.11,3.61,0
995235_32,0,1,200,1.44,8.94,1
995235_32,1,1,305,2.1,5.1,0
995235_32,2,0,356,1.95,13.6,9
995235_32,3,1,32,1.69,5.0,0
995235_32,4,0,47,4.56,13.89,5
995237_04,0,0,65,4.8,19.92,5
995237_04,1,1,271,1.24,5.0,0
995237_04,2,1,217,1.08,4.12,0
995237_04,3,1,79,0.88,3.16,0
995237_04,4,1,187,1.35,5.39,0
995237_04,5,1,36,4.1,9.0,0
995237_04,6,1,29,0.94,3.61,0
995237_04,7,1,10,1.59,3.61,0
995237_24,0,1,133,1.33,4.12,0
995237_24,1,1,490,1.56,12.08,5
995237_24,2,1,252,1.9,11.18,4
995237_24,3,1,27,1.47,3.61,0
995237_24,4,1,236,1.65,13.04,2
995237_24,5,1,310,1.41,5.0,0
995237_24,6,1,142,1.68,8.49,1
995237_24,7,1,158,1.28,5.1,0
995237_24,8,1,232,1.54,6.32,1
995237_33,0,1,358,1.32,12.08,1
995237_33,1,0,167,2.01,11.4,3
995237_33,2,1,266,1.28,5.83,0
995237_33,3,1,249,1.42,5.39,0
995237_33,4,1,105,1.34,4.47,0
995237_33,5,1,67,2.47,14.87,1
995237_33,6,1,209,1.55,7.62,3
995237_33,7,1,254,1.76,10.63,5
995237_33,8,1,21,3.76,18.03,1
995237_33,9,1,91,1.88,7.62,2
995237_42,0,1,271,1.27,4.24,0
995237_42,1,1,347,1.41,9.43,1
995237_42,2,1,47,1.82,5.0,0
995237_42,3,1,168,1.86,11.66,3
995237_42,4,1,35,0.98,4.12,0
995237_42,5,1,48,1.39,3.61,0
995237_42,6,1,39,1.27,3.61,0
995237_42,7,1,49,1.18,3.61,0
995237_42,8,1,11,1.23,2.83,0
995237_44,0,1,87,1.24,4.12,0
995237_44,1,1,303,1.45,3.61,0
995237_44,2,1,65,1.13,3.61,0
995237_44,3,1,97,1.57,9.85,2
995237_44,4,1,316,1.22,4.12,0
995237_44,5,1,50,1.52,4.12,0
995237_44,6,1,53,1.5,4.12,0
995240_24,0,0,625,3.94,14.76,10
995240_24,1,1,221,1.22,5.39,2
995240_24,2,1,131,1.23,11.66,1
995240_33,0,1,167,1.41,4.47,0
995240_33,1,0,56,4.5,13.0,7
995240_33,2,1,180,4.22,22.0,12
995240_44,0,1,115,6.47,17.2,1
995240_44,1,1,338,1.63,10.63,1
995240_44,2,0,202,6.08,20.88,8
995240_44,3,0,83,2.4,7.81,4
995240_44,4,0,86,4.21,21.84,4
995240_44,5,1,299,1.44,7.81,1
995240_44,6,0,122,1.79,10.82,3
997212_02,0,1,321,0.76,2.83,0
997212_02,1,1,306,1.21,7.21,1
997212_02,2,0,41,4.39,9.22,4
997212_02,3,1,134,1.46,8.49,2
997212_04,0,1,424,2.14,13.45,22
997212_04,1,1,113,1.1,4.24,0
997212_04,2,1,149,1.35,5.66,0
997212_04,3,1,94,0.96,4.24,0
997212_04,4,1,50,1.07,3.61,0
997212_04,5,1,20,1.72,3.16,0
997212_13,0,1,55,1.0,3.16,0
997212_13,1,1,182,1.05,3.61,0
997212_13,2,1,20,1.68,3.61,0
997212_13,3,1,42,4.27,11.4,3
997212_13,4,1,217,1.15,4.24,0
997212_13,5,1,83,1.67,4.47,0
997212_13,6,0,98,7.4,14.76,16
997212_14,0,1,271,0.88,3.16,0
997212_14,1,1,306,1.16,9.0,1
997212_14,2,1,272,1.3,4.12,0
997212_14,3,1,344,2.21,21.95,9
997212_14,4,1,66,13.37,19.72,0
997212_14,5,1,55,11.97,22.47,0
997212_30,0,0,52,6.97,18.38,5
997212_30,1,1,298,0.87,4.12,0
997212_30,2,1,71,1.16,4.12,0
997212_30,3,1,110,1.59,17.0,1
997212_30,4,1,130,1.01,3.61,0
997212_40,0,1,342,1.22,5.0,0
997212_40,1,1,188,1.32,5.0,0
997212_40,2,1,276,1.38,4.47,0
997212_40,3,1,104,1.2,4.12,0
997212_40,4,1,282,1.48,5.83,1
997212_40,5,1,71,1.3,5.1,0
997212_40,6,1,51,1.21,5.0,0
997212_40,7,1,11,0.97,2.24,0
997212_41,0,1,274,2.62,17.69,12
997212_41,1,1,180,1.16,4.12,0
997212_41,2,1,429,1.29,5.0,0
997212_41,3,1,175,1.96,5.39,4
997212_41,4,1,215,1.27,6.71,0
997212_41,5,0,123,2.13,14.76,4
997212_41,6,1,57,1.35,4.24,0
997215_00,0,1,197,2.17,19.72,3
997215_00,1,1,165,1.81,5.0,0
997215_03,0,1,191,1.3,5.66,0
997215_14,0,1,28,1.58,4.47,0
997215_14,1,1,58,5.27,12.04,0
997215_14,2,1,95,2.16,7.28,2
997215_20,0,1,134,1.47,4.12,0
997215_20,1,1,221,2.01,11.31,2
997215_20,2,1,13,1.68,3.16,0
997215_20,3,1,245,1.51,6.32,3
997215_20,4,1,77,1.18,4.47,0
997215_30,0,1,149,0.87,2.83,0
997215_30,1,1,109,0.9,3.16,0
997215_33,0,1,124,1.11,3.61,0
997215_33,1,1,75,0.92,2.83,0
997215_44,0,0,399,1.71,14.87,9
997215_44,1,1,191,1.13,10.3,1
997215_44,2,1,274,1.11,5.0,0
997215_44,3,1,103,1.9,4.24,0
997215_44,4,1,156,0.97,3.16,0
997215_44,5,1,32,1.12,2.83,0
997217_11,0,1,141,1.25,7.21,0
997217_11,1,1,311,2.99,10.63,0
997217_11,2,1,42,1.37,2.83,0
997217_11,3,1,298,1.58,7.07,1
997217_11,4,1,301,1.41,6.71,1
997217_11,5,1,147,1.33,4.12,0
997217_11,6,1,81,1.31,3.61,0
997217_43,0,0,40,11.81,26.57,3
997217_43,1,1,145,1.55,6.32,0
997220_02,0,0,623,1.38,5.0,22
997220_02,1,1,262,1.24,5.83,0
997220_02,2,1,164,1.18,3.61,0
997220_02,3,1,57,1.51,5.0,0
997220_10,0,0,37,8.84,24.19,3
997220_10,1,1,273,1.52,6.71,1
997220_10,2,1,3,0.33,1.0,0
997220_10,3,1,483,1.49,6.71,1
997220_10,4,1,151,1.34,5.0,0
997220_10,5,1,130,1.07,5.83,0
997220_10,6,1,98,1.0,3.16,0
997220_10,7,0,42,5.11,15.52,4
997220_10,8,1,30,1.34,3.61,0
997220_14,0,1,292,1.32,5.39,1
997220_14,1,1,164,1.54,6.71,1
997220_14,2,1,226,1.33,5.39,0
997220_14,3,1,2,0.5,1.0,0
997220_24,0,1,309,2.01,7.81,0
997220_24,1,1,269,2.75,13.6,0
997220_24,2,1,32,1.39,4.12,0
997220_34,0,1,156,2.06,10.63,0
997220_34,1,1,129,1.15,3.61,0
997220_44,0,1,100,1.1,2.83,0
997222_12,0,1,159,1.33,5.66,1
997222_12,1,1,579,1.35,4.47,0
997222_12,2,1,315,1.71,9.85,4
997222_12,3,1,23,1.6,3.16,0
997222_20,0,1,188,1.42,5.83,0
997222_20,1,1,304,1.33,5.0,0
997222_20,2,1,74,1.5,6.71,1
997222_20,3,1,152,1.53,4.12,0
997222_20,4,1,163,1.29,4.12,0
997222_20,5,1,32,1.94,5.39,0
997222_24,0,0,641,3.57,17.89,18
997222_24,1,0,395,2.84,14.04,17
997222_24,2,1,252,1.24,5.0,0
997222_24,3,0,98,4.61,16.0,5
997222_24,4,1,167,1.6,5.0,1
997222_24,5,1,59,2.52,8.0,0
997222_24,6,1,109,1.46,5.66,0
997222_30,0,1,450,1.18,7.21,1
997222_30,1,1,106,1.57,12.04,1
997222_30,2,1,198,1.54,4.47,0
997222_30,3,1,49,1.06,4.12,0
997222_30,4,1,130,1.25,4.0,0
997222_30,5,1,161,1.9,9.22,1
997222_30,6,1,89,1.34,5.0,0
997222_31,0,1,113,1.53,5.39,1
997222_31,1,1,328,0.98,5.0,0
997222_31,2,1,122,1.56,6.4,3
997222_31,3,1,76,1.72,4.47,0
997222_31,4,1,34,1.28,3.16,0
997222_31,5,1,76,1.58,4.47,0
997222_31,6,1,301,1.26,11.66,1
997222_33,0,1,68,1.21,3.16,0
997222_33,1,1,289,1.1,4.12,0
997222_33,2,1,295,1.67,7.62,1
997222_33,3,1,27,2.56,10.77,1
997222_33,4,1,119,1.48,5.0,0
997222_33,5,1,159,1.24,5.0,0
997222_33,6,1,70,1.11,4.12,0
997222_42,0,1,156,1.12,5.83,1
997222_42,1,1,536,1.27,4.12,0
997222_42,2,0,39,2.66,8.06,4
997222_42,3,1,105,1.36,6.32,0
997222_42,4,0,36,4.82,15.56,3
997222_42,5,1,30,1.38,3.61,0
997222_42,6,1,11,1.08,2.0,0
997222_44,0,1,292,1.27,4.12,0
997222_44,1,0,76,20.1,33.06,9
997222_44,2,1,291,1.07,4.12,0
997222_44,3,1,40,1.06,3.16,0
997222_44,4,1,49,2.69,6.0,1
997222_44,5,1,77,1.32,6.71,0
997225_00,0,1,182,1.25,5.0,2
997225_00,1,1,394,1.14,4.12,0
997225_00,2,1,86,1.36,4.0,0
997225_00,3,1,148,1.17,4.12,0
997225_00,4,1,31,0.82,2.24,0
997225_03,0,1,373,1.64,8.54,2
997225_03,1,1,191,1.41,5.39,1
997225_03,2,1,76,1.9,11.18,3
997225_03,3,1,42,1.19,5.39,0
997225_03,4,1,351,1.45,5.0,1
997225_03,5,1,227,1.31,5.0,0
997225_03,6,1,49,1.49,3.61,0
997225_11,0,1,66,0.91,3.0,0
997225_11,1,1,148,1.2,4.47,0
997225_11,2,1,206,1.61,6.4,0
997225_11,3,1,629,1.69,18.79,20
997225_11,4,1,272,1.62,8.54,4
997225_14,0,1,277,1.08,3.61,0
997225_14,1,0,40,17.88,55.66,3
997225_14,2,1,247,1.38,5.0,1
997225_14,3,1,197,1.34,7.07,1
997225_14,4,1,59,1.26,3.61,0
997225_14,5,1,183,2.33,12.04,6
997225_14,6,1,15,2.03,5.0,0
997225_20,0,1,361,1.42,4.47,0
997225_20,1,1,392,1.44,5.0,0
997225_20,2,1,57,1.0,2.83,0
997225_20,3,1,504,1.36,11.18,3
997225_20,4,1,147,1.49,5.83,0
997225_20,5,1,156,1.28,3.61,0
997225_20,6,1,78,1.88,8.94,1
997225_20,7,1,66,1.66,5.1,2
997225_24,0,1,482,1.38,7.21,4
997225_24,1,1,203,1.08,3.61,0
997225_24,2,1,213,1.43,5.83,0
997225_24,3,1,115,1.48,5.0,0
997225_24,4,1,233,1.21,6.32,1
997225_30,0,1,195,1.37,5.0,0
997225_30,1,1,484,1.44,5.39,0
997225_30,2,1,213,1.34,3.61,0
997225_30,3,1,84,1.17,3.16,0
997225_30,4,1,193,1.56,8.54,3
997225_30,5,1,6,1.65,4.47,0
997225_30,6,1,40,0.97,2.83,0
997225_34,0,1,288,1.34,4.12,0
997225_34,1,1,292,1.2,5.39,0
997225_34,2,1,107,1.47,5.0,0
997225_34,3,1,114,1.29,7.21,1
997225_34,4,1,69,1.27,4.47,0
997225_34,5,1,68,1.21,4.12,0
997227_04,0,1,18,1.43,5.0,0
997227_04,1,1,315,1.38,3.61,0
997227_04,2,1,136,1.4,4.47,0
997227_04,3,1,10,1.51,2.83,0
997227_20,0,1,281,1.05,4.47,0
997227_20,1,1,191,1.32,5.39,0
997227_20,2,1,75,1.2,3.61,0
997227_20,3,1,255,1.06,4.24,0
997227_24,0,1,273,1.23,5.83,0
997227_24,1,1,129,1.54,5.39,0
997227_24,2,1,145,1.44,4.12,0
997227_24,3,1,457,1.24,5.39,0
997227_24,4,1,184,1.32,5.39,1
997227_24,5,1,69,1.48,6.32,0
997227_24,6,1,29,1.31,3.16,0
997227_24,7,1,10,1.59,2.83,0
997227_30,0,1,513,1.31,5.0,0
997227_30,1,1,33,2.74,17.0,1
997227_30,2,1,232,1.42,7.21,0
997227_30,3,1,180,1.19,5.0,1
997227_30,4,1,206,1.82,5.0,1
997227_31,0,1,176,1.4,4.47,0
997227_31,1,1,266,1.19,4.47,0
997227_31,2,1,100,1.47,3.61,0
997227_31,3,1,77,1.93,5.39,0
997227_31,4,1,373,1.23,6.4,1
997227_44,0,1,368,1.11,3.61,0
997227_44,1,1,227,1.21,4.24,0
997227_44,2,1,211,1.62,13.89,2
997227_44,3,1,34,1.5,5.0,0
997227_44,4,1,93,2.36,11.4,4
997230_03,0,1,350,1.32,5.39,1
997230_03,1,1,137,1.48,5.83,2
997230_03,2,1,306,1.34,5.0,0
997230_03,3,1,238,1.3,4.47,0
997230_32,0,1,143,1.46,6.32,1
997230_32,1,0,356,1.65,13.0,4
997230_32,2,0,351,1.75,12.81,7
997230_32,3,1,43,1.18,2.83,0
997230_34,0,1,585,1.24,4.47,0
997230_34,1,1,136,1.17,3.61,0
997230_34,2,0,54,4.22,18.03,5
997230_34,3,1,183,1.02,4.12,0
997230_34,4,1,37,1.13,5.39,0
997230_41,0,1,301,1.27,6.71,2
997230_41,1,1,292,1.16,5.0,0
997230_41,2,1,81,1.18,4.12,0
997230_41,3,1,42,1.0,2.24,0
997230_44,0,1,125,1.25,4.12,0
997230_44,1,1,103,1.32,5.83,0
997230_44,2,1,300,1.21,7.28,1
997230_44,3,1,294,1.25,13.42,2
997230_44,4,1,180,1.34,5.39,0
997230_44,5,1,193,1.58,5.83,1
997230_44,6,1,101,0.9,2.24,0
997232_00,0,1,138,1.45,7.07,1
997232_00,1,0,528,1.62,12.53,6
997232_00,2,1,139,1.22,5.0,0
997232_00,3,1,66,1.37,4.12,0
997232_00,4,1,35,0.56,1.41,0
997232_00,5,1,51,1.77,8.94,1
997232_00,6,1,102,1.04,5.0,1
997232_00,7,1,327,1.46,4.47,0
997232_10,0,1,132,1.41,5.0,0
997232_10,1,0,251,1.52,10.3,3
997232_10,2,1,440,1.31,5.0,0
997232_10,3,1,156,1.2,3.61,0
997232_10,4,1,292,1.82,10.3,3
997232_10,5,1,13,1.42,3.0,0
997232_13,0,1,292,1.6,4.12,0
997232_13,1,1,106,1.25,5.39,0
997232_13,2,1,301,1.37,5.39,1
997232_13,3,1,121,1.25,3.61,0
997232_13,4,1,79,1.15,4.47,0
997232_13,5,1,62,1.23,4.12,0
997232_14,0,1,278,1.42,11.66,3
997232_14,1,1,316,1.31,7.21,2
997232_14,2,1,233,1.66,7.21,1
997232_14,3,1,38,3.91,14.0,3
997232_14,4,1,295,1.41,5.0,0
997232_14,5,1,27,3.59,18.79,1
997232_14,6,0,129,2.38,18.03,4
997232_14,7,0,231,1.62,7.21,4
997232_14,8,1,58,1.03,3.16,0
997232_14,9,1,64,1.39,5.39,0
997232_20,0,1,162,1.31,3.16,0
997232_20,1,0,314,1.8,7.21,5
997232_20,2,1,203,1.1,3.61,0
997232_20,3,1,287,1.31,5.39,0
997232_22,0,1,338,1.67,6.4,1
997232_22,1,0,53,12.66,21.02,5
997232_22,2,1,249,1.39,6.71,0
997232_22,3,1,206,1.28,4.12,0
997232_22,4,1,216,1.43,5.66,0
997232_30,0,1,294,1.33,4.47,0
997232_30,1,1,127,1.21,6.32,0
997232_30,2,1,99,1.21,3.61,0
997232_30,3,1,85,1.3,5.0,0
997232_30,4,1,332,1.7,4.24,0
997232_32,0,1,81,1.46,6.32,1
997232_32,1,1,289,1.5,4.12,0
997232_32,2,1,42,2.17,7.62,1
997232_32,3,1,107,1.33,7.21,1
997232_32,4,1,295,1.32,5.39,0
997232_32,5,1,140,1.02,3.16,0
997232_32,6,1,21,0.98,2.24,0
997232_34,0,1,266,1.21,4.47,0
997232_34,1,1,288,1.34,4.12,0
997232_34,2,1,115,1.22,3.61,0
997232_34,3,1,192,1.22,4.47,0
997232_41,0,1,295,1.8,6.32,2
997232_41,1,1,212,1.69,8.94,3
997232_41,2,1,171,1.31,5.39,0
997232_41,3,1,295,1.24,5.39,0
997232_41,4,1,51,1.14,2.83,0
997232_43,0,1,501,1.28,5.39,0
997232_43,1,1,69,1.34,4.47,0
997232_43,2,1,64,1.35,4.47,0
997232_43,3,1,285,1.33,5.83,0
997232_43,4,1,123,1.11,2.83,0
997232_43,5,1,129,1.39,6.4,2
997235_00,0,0,128,2.04,7.07,5
997235_00,1,1,295,1.2,4.12,0
997235_00,2,1,104,1.47,9.43,1
997235_00,3,0,63,2.75,10.82,3
997235_03,0,1,333,1.36,7.21,3
997235_03,1,1,49,1.98,11.18,1
997235_03,2,1,229,1.2,3.61,0
997235_03,3,1,363,1.35,5.0,0
997235_03,4,1,80,1.22,3.61,0
997235_03,5,1,27,2.64,12.81,1
997235_03,6,1,207,1.18,4.12,0
997235_13,0,1,310,1.52,10.82,3
997235_13,1,1,541,1.24,5.0,0
997235_13,2,1,167,1.2,5.0,0
997235_13,3,1,138,1.23,5.0,0
997235_13,4,1,16,2.28,6.71,0
997235_22,0,1,50,2.68,14.32,2
997235_22,1,1,277,1.2,4.12,0
997235_22,2,1,255,1.2,5.39,0
997235_22,3,1,259,1.37,4.12,0
997235_22,4,1,304,1.38,5.0,0
997235_41,0,0,346,1.81,14.21,7
997235_41,1,1,336,1.43,13.0,4
997235_41,2,1,162,1.67,12.21,1
997235_41,3,1,183,1.22,5.83,0
997235_41,4,1,161,1.33,8.6,2
997235_42,0,1,282,1.3,6.71,0
997235_42,1,1,242,1.51,5.1,0
997235_43,0,1,111,1.42,5.39,0
997235_43,1,0,50,3.36,9.85,4
997235_43,2,1,342,1.14,5.83,1
997235_43,3,1,114,2.01,9.43,2
997235_43,4,1,350,1.32,5.39,0
997235_43,5,1,139,1.16,3.61,0
997235_43,6,1,70,3.4,11.66,6
997235_43,7,1,204,1.67,4.47,0
997235_43,8,1,44,1.66,5.0,0
997235_44,0,1,286,1.36,4.12,0
997235_44,1,1,290,1.23,5.0,0
997235_44,2,1,210,1.49,4.12,0
997235_44,3,1,176,1.03,3.61,0
997237_02,0,1,268,1.38,5.0,0
997237_02,1,1,472,1.31,7.21,2
997237_02,2,1,102,1.42,5.39,0
997237_02,3,1,41,1.89,10.3,1
997237_02,4,1,151,1.48,5.83,1
997237_02,5,1,267,1.59,14.21,5
997237_02,6,1,24,1.39,4.12,0
997237_03,0,1,230,1.37,6.32,1
997237_03,1,1,135,1.27,8.0,0
997237_03,2,1,173,1.23,3.61,0
997237_03,3,1,437,1.2,4.47,0
997237_03,4,1,310,1.56,11.18,2
997237_03,5,1,9,1.31,3.0,0
997237_04,0,1,122,1.32,5.83,1
997237_04,1,1,298,1.23,4.24,0
997237_04,2,1,214,1.34,6.71,1
997237_04,3,1,229,1.39,5.39,1
997237_04,4,1,155,1.08,3.61,0
997237_13,0,1,319,1.39,11.66,2
997237_13,1,1,138,1.31,5.0,0
997237_13,2,1,268,1.16,5.0,1
997237_13,3,1,170,1.36,3.61,0
997237_14,0,1,378,1.44,10.77,1
997237_14,1,1,284,1.28,5.39,0
997237_14,2,1,180,1.7,9.43,2
997237_14,3,1,113,0.88,2.83,0
997237_14,4,1,172,1.22,4.47,1
997237_14,5,1,71,0.9,2.83,0
997237_20,0,1,284,1.14,4.24,0
997237_20,1,1,133,1.54,4.24,0
997237_20,2,1,562,1.34,5.0,0
997237_20,3,1,142,1.44,10.3,1
997237_20,4,1,45,1.32,4.47,0
997237_23,0,1,350,1.8,6.4,2
997237_23,1,1,266,1.18,4.24,0
997237_23,2,1,49,1.24,3.61,0
997237_23,3,1,72,1.71,3.61,0
997237_41,0,1,83,1.57,4.47,0
997237_41,1,1,214,1.15,3.61,0
997237_41,2,1,114,1.8,5.0,0
997240_00,0,1,251,1.37,3.61,0
997240_00,1,1,382,1.47,11.18,1
997240_00,2,0,148,5.14,23.54,6
997240_00,3,1,77,1.11,3.16,0
997240_10,0,1,272,1.21,5.39,0
997240_10,1,1,485,11.52,25.0,14
997240_10,2,1,292,2.43,18.79,4
997240_10,3,1,274,1.22,6.71,1
997240_22,0,1,604,1.14,5.39,3
997240_22,1,1,289,1.49,4.12,0
997240_22,2,1,77,0.77,2.24,0
997240_22,3,1,187,1.18,5.0,0
997240_22,4,1,30,1.0,2.83,0
997240_22,5,1,103,0.95,2.83,0
997240_23,0,0,514,1.39,12.04,4
997240_23,1,1,165,1.32,5.0,0
997240_23,2,1,265,1.66,5.83,0
997240_23,3,1,84,1.17,3.61,0
997240_23,4,1,25,2.4,4.47,0
997240_23,5,1,119,1.22,4.12,0
997240_24,0,1,174,1.62,5.0,0
997240_24,1,1,144,1.39,4.12,0
997240_24,2,1,32,1.89,11.66,1
997240_24,3,1,335,1.55,11.18,1
997240_24,4,1,375,1.3,13.42,1
997240_24,5,1,84,1.31,4.12,0
997240_24,6,1,47,0.96,2.83,0
997240_24,7,1,11,0.75,2.24,0
997240_30,0,1,391,1.24,5.0,0
997240_30,1,0,113,2.78,17.0,4
997240_30,2,1,101,1.31,4.47,0
997240_30,3,0,200,2.55,14.21,9
997240_30,4,1,48,1.51,4.47,0
997240_30,5,1,243,1.2,3.61,0
997240_30,6,1,24,1.29,3.61,0
997240_30,7,1,11,1.11,2.24,0
997240_32,0,1,181,1.47,6.71,0
997240_32,1,1,285,1.26,5.0,0
997240_32,2,1,218,1.49,5.0,0
997240_32,3,1,296,1.6,9.85,3
997240_34,0,1,335,1.53,12.21,3
997240_34,1,1,215,1.47,5.39,0
997240_34,2,1,217,1.6,6.71,2
997240_34,3,0,1103,2.96,10.3,450
997240_34,4,1,160,1.36,5.1,1
997240_34,5,1,182,1.56,5.83,0
997240_44,0,1,526,1.45,12.53,1
997240_44,1,0,401,1.75,12.73,5
997240_44,2,1,166,1.31,6.32,2
997240_44,3,1,126,1.44,3.61,0
997240_44,4,1,25,1.56,4.24,0
997240_44,5,1,50,4.22,20.59,3
997242_04,0,1,220,1.27,3.61,0
997242_04,1,1,121,1.23,3.61,0
997242_04,2,1,285,1.58,11.18,1
997242_04,3,1,264,1.57,8.54,1
997242_04,4,1,414,1.46,5.0,0
997242_04,5,1,24,1.75,4.47,0
997242_14,0,0,66,3.75,14.0,7
997242_14,1,0,201,1.8,13.0,3
997242_14,2,1,453,1.34,5.0,0
997242_14,3,1,28,1.37,4.12,0
997242_14,4,1,239,1.48,4.0,0
997242_14,5,1,129,1.57,5.39,0
997242_14,6,1,31,2.03,5.83,0
997242_14,7,1,12,0.98,2.24,0
997242_33,0,1,318,1.66,5.0,0
997242_33,1,1,30,1.5,3.16,0
997242_33,2,0,95,3.5,16.28,5
997242_33,3,1,286,1.25,5.39,0
997242_33,4,1,156,2.38,8.0,2
997242_33,5,1,309,1.33,4.12,2
997242_33,6,1,162,1.49,4.12,0
997242_33,7,0,40,14.76,50.36,3
997242_33,8,1,127,1.61,7.07,1
997242_41,0,0,182,3.8,23.19,8
997242_41,1,0,186,6.76,18.68,19
997242_41,2,1,265,1.51,4.12,0
997242_41,3,1,269,1.91,13.34,2
997242_41,4,1,99,1.48,4.12,0
997242_41,5,1,355,1.41,11.0,2
997242_41,6,0,52,6.0,15.23,5
997242_44,0,1,76,1.24,4.47,0
997242_44,1,1,295,1.19,6.71,0
997242_44,2,1,287,1.45,5.83,1
997242_44,3,1,123,1.58,5.39,3
997242_44,4,1,144,1.47,5.39,0
997245_13,0,0,158,7.35,16.0,5
997245_13,1,1,261,1.76,7.0,3
997245_13,2,1,146,1.71,5.1,0
997245_13,3,0,40,7.47,21.84,3
997245_23,0,1,252,1.54,5.1,0
997245_23,1,0,117,2.71,14.87,5
997245_23,2,0,281,2.87,16.28,19
997245_23,3,1,307,7.04,18.0,6
997245_23,4,1,157,1.55,10.44,1
997245_24,0,1,52,1.59,5.0,0
997245_24,1,1,79,1.62,4.47,0
997245_34,0,1,339,1.29,5.83,0
997245_34,1,1,184,1.09,4.0,0
997245_34,2,1,123,1.28,5.0,0
997245_34,3,1,6,0.87,2.83,0
997245_43,0,1,298,1.23,6.32,0
997245_43,1,0,229,3.41,13.15,5
997245_43,2,1,280,1.18,3.61,0
997245_43,3,1,313,1.41,5.0,0
997245_43,4,1,243,1.24,12.08,1
997245_43,5,1,282,1.42,7.81,1
997245_43,6,1,157,1.08,3.61,0
997245_43,7,1,13,2.5,5.0,0
997247_11,0,1,290,2.56,11.7,5
997247_11,1,0,197,3.76,14.14,15
997247_11,2,1,263,1.6,11.7,1
997247_12,0,1,266,2.09,7.0,0
997247_12,1,1,258,1.35,5.0,0
997247_12,2,1,366,5.6,18.97,3
997247_12,3,0,679,10.26,28.16,66
997247_13,0,1,166,1.34,5.39,0
997247_13,1,0,593,3.62,17.26,4
997247_13,2,1,186,1.76,5.39,0
997247_13,3,1,30,2.99,8.94,1
997247_33,0,0,49,3.21,9.06,3
997247_33,1,1,248,1.4,5.0,0
997247_43,0,1,122,2.74,11.0,3
